#Bin	Size	Vol	Phi	Nodes
[1-10]	1	58	1.000000	1919 
[1-10]	3	20	0.700000	2483 2595 2527 
[1-10]	2	6	0.666667	233 256 
[1-10]	4	32	0.625000	4025 4007 3990 4016 
[1-10]	5	44	0.545455	3127 2817 2774 3074 3055 
[1-10]	6	55	0.490909	3127 2817 2774 3074 3055 3147 
[1-10]	7	71	0.436620	3131 2930 3372 2732 3181 3180 2902 
[1-10]	9	122	0.409836	195 218 78 273 306 4 181 328 275 
[1-10]	10	129	0.395349	181 218 152 78 273 306 4 275 195 328 
[1-10]	8	86	0.372093	3131 2930 3372 2732 3181 3180 2902 3251 
[11-50]	45	1387	0.234319	1452 1802 1784 1319 1648 1568 1629 963 1137 1747 1837 1895 958 903 901 1216 1378 1601 1333 1533 1548 1493 1880 1468 1118 1733 1798 1232 1787 992 938 1097 1371 1314 1363 1186 1892 229 1424 1593 2641 1360 1560 1270 2269 
[11-50]	44	1383	0.233550	1452 1802 1784 1319 1648 1568 1629 963 1137 1747 1837 1895 958 903 901 1216 1378 1601 1333 1533 1548 1493 1880 1468 1118 1733 1798 1232 1787 992 938 1097 1371 1314 1363 1186 1892 229 1424 1593 2641 1360 1560 1270 
[11-50]	23	611	0.227496	670 582 675 658 665 640 595 627 632 578 662 643 583 600 659 577 661 681 635 615 599 647 650 
[11-50]	33	1150	0.222609	1568 1319 1648 1137 1747 963 1493 1452 1378 1216 1468 903 1333 938 1232 901 1118 1837 1895 992 1880 1601 1548 1097 1533 1787 1798 1733 1371 958 1784 1363 1629 
[11-50]	43	1334	0.212894	1186 3647 1363 867 958 1137 903 901 1837 1533 1232 1333 1548 1895 1216 1930 1798 1733 1118 1097 661 1319 1648 1568 1493 1629 1452 1601 1468 963 1378 1784 1787 1880 1747 1892 1314 992 938 1802 1371 1424 1270 
[11-50]	29	666	0.207207	681 576 640 658 595 582 301 643 675 627 583 578 635 600 662 577 628 661 659 615 599 647 670 650 665 632 47 3999 2569 
[11-50]	34	1179	0.206107	1568 1319 1648 1137 1747 963 1493 1452 1378 1216 1468 903 1333 938 1232 901 1118 1837 1895 992 1880 1601 1548 1097 1533 1787 1798 1733 1371 958 1784 1363 1629 1314 
[11-50]	24	627	0.205742	640 576 582 675 658 595 627 578 643 583 632 662 600 577 659 681 661 635 615 599 647 670 650 665 
[11-50]	28	662	0.205438	681 576 640 658 595 582 301 643 675 627 583 578 635 600 662 577 628 661 659 615 599 647 670 650 665 632 47 3999 
[11-50]	27	657	0.202435	681 576 640 658 595 582 301 643 675 627 583 578 635 600 662 577 628 661 659 615 599 647 670 650 665 632 47 
[11-50]	42	1311	0.200610	1601 3537 1784 1319 798 958 1137 156 1629 1216 466 963 992 1568 938 903 1118 901 1424 1895 1314 1880 1493 1837 1733 1798 1378 1452 1097 1787 1548 1371 1533 1333 1468 1232 1648 1747 1186 1802 1363 1892 
[11-50]	26	652	0.199387	681 576 640 658 595 582 301 643 675 627 583 578 635 600 662 577 628 661 659 615 599 647 670 650 665 632 
[11-50]	35	1200	0.193333	1568 1319 1648 1137 1747 963 1493 1452 1378 1216 1468 903 1333 938 1232 901 1118 1837 1895 992 1880 1601 1548 1097 1533 1787 1798 1733 1371 958 1784 1363 1629 1314 1186 
[11-50]	25	644	0.192547	661 576 582 665 675 658 640 595 643 627 583 578 632 662 600 659 681 577 635 615 628 599 670 650 647 
[11-50]	41	1286	0.186625	1895 1784 1802 1319 1137 1648 1568 1747 963 1186 1629 958 1837 903 1452 1216 901 1314 1548 1533 1601 1333 1378 1880 1493 1733 1798 1468 1118 992 1787 1232 938 1097 1424 1371 1363 1892 59 1560 1270 
[11-50]	36	1215	0.185185	1452 1802 1784 1319 1648 1568 1629 963 1137 1747 1837 1895 958 903 901 1216 1378 1601 1333 1533 1548 1493 1880 1468 1118 1733 1798 1232 1787 992 938 1097 1371 1314 1363 1186 
[11-50]	40	1281	0.185012	1895 1784 1802 1319 1137 1648 1568 1747 963 1186 1629 958 1837 903 1452 1216 901 1314 1548 1533 1601 1333 1378 1880 1493 1733 1798 1468 1118 992 1787 1232 938 1097 1424 1371 1363 1892 59 1560 
[11-50]	37	1231	0.177904	1452 1802 1784 1319 1648 1568 1629 963 1137 1747 1837 1895 958 903 901 1216 1378 1601 1333 1533 1548 1493 1880 1468 1118 1733 1798 1232 1787 992 938 1097 1371 1314 1363 1186 1892 
[11-50]	39	1263	0.174980	1733 1486 1784 1892 1319 1137 1648 1186 958 1747 1216 1629 1568 963 903 1363 1837 901 1118 1895 938 1378 1548 1880 1097 1601 1314 1493 1452 1533 1333 1798 1787 1468 992 1424 1232 1371 1802 
[11-50]	38	1255	0.171315	1895 1784 1802 1319 1137 1648 1568 1747 963 1186 1629 958 1837 903 1452 1216 901 1314 1548 1533 1601 1333 1378 1880 1493 1733 1798 1468 1118 992 1787 1232 938 1097 1424 1371 1363 1892 
[51-100]	82	3959	0.205355	1919 2658 2016 2097 1931 2636 2025 2225 2657 2627 2647 2583 2346 2011 2585 2192 1914 2645 1999 2006 2061 2159 2284 2620 1935 2626 2364 2171 1958 1951 2024 2633 2538 1980 1921 2640 1927 2022 2660 2494 2365 2297 3875 1968 2648 2202 2004 1998 1995 1957 1973 1991 1972 2459 2639 2001 2027 2659 2000 2447 2337 2050 2378 2157 2435 2018 2009 1950 1976 2116 1928 2012 2013 2014 2341 1954 2389 2143 136 642 3732 602 
[51-100]	99	3427	0.203968	688 821 740 723 701 751 777 770 766 771 847 687 845 754 780 752 696 772 727 739 792 695 815 774 734 726 849 819 840 824 834 756 830 800 853 724 823 719 694 828 697 747 805 713 837 779 773 826 812 842 760 810 781 731 745 705 807 703 784 820 844 728 827 738 835 856 709 764 711 778 765 797 748 762 686 718 836 710 690 838 831 814 787 829 715 741 737 817 708 795 843 803 755 761 848 716 722 706 693 
[51-100]	100	3448	0.201276	688 821 740 723 701 751 777 770 766 771 847 687 845 754 780 752 696 772 727 739 792 695 815 774 734 726 849 819 840 824 834 756 830 800 853 724 823 719 694 828 697 747 805 713 837 779 773 826 812 842 760 810 781 731 745 705 807 703 784 820 844 728 827 738 835 856 709 764 711 778 765 797 748 762 686 718 836 710 690 838 831 814 787 829 715 741 737 817 708 795 843 803 755 761 848 716 722 706 693 809 
[51-100]	65	3272	0.199267	2378 2050 2636 2337 2012 2639 2157 1957 1999 2027 2647 2583 2225 1991 2346 2171 1928 2645 2284 2001 2364 2006 2494 2024 2538 1914 1951 2447 1921 2365 2018 2640 1980 2633 2009 2297 1968 1998 2004 1995 1927 2202 2648 2459 1973 1972 2116 2657 2000 2658 2097 2627 1919 2435 2159 2620 2011 1931 2061 1935 2192 2585 2022 1958 2025 
[51-100]	66	3300	0.192727	2027 2842 2636 2337 2639 2583 2435 2346 2157 1999 1991 2657 2645 1928 2538 2378 1958 2284 2171 2159 1914 1951 2626 2006 2364 2001 2447 2024 2365 2009 1921 2633 1980 2640 1927 2004 1998 2018 1995 2202 2459 1972 2647 1957 2116 2097 2225 2000 1931 2658 2050 2627 2620 1919 2192 2061 1935 2011 2025 2585 2022 2494 1973 2648 2297 2660 
[51-100]	67	3339	0.186583	2378 2050 2636 2337 2012 2639 2157 1957 1999 2027 2647 2583 2225 1991 2346 2171 1928 2645 2284 2001 2364 2006 2494 2024 2538 1914 1951 2447 1921 2365 2018 2640 1980 2633 2009 2297 1968 1998 2004 1995 1927 2202 2648 2459 1973 1972 2116 2657 2000 2658 2097 2627 1919 2435 2159 2620 2011 1931 2061 1935 2192 2585 2022 1958 2025 2016 1976 
[51-100]	79	3625	0.180138	1914 1996 3183 2658 2636 2025 1931 2097 2435 2225 2647 2627 2657 2011 2626 2000 2583 2645 2585 2494 1991 2633 2061 2660 2284 2027 2006 2620 2364 2024 2378 1919 2022 1935 2171 2001 2365 2004 2009 1980 2648 1951 1927 1995 2018 1973 1972 2659 2116 1957 2346 2192 2159 2538 2337 1310 2639 2640 2157 3486 2202 2447 1998 2016 2050 1958 1999 1921 2297 1968 1950 2459 2565 1976 2012 2014 1928 894 2621 
[51-100]	81	3647	0.179600	1914 1996 3183 2658 2636 2025 1931 2097 2435 2225 2647 2627 2657 2011 2626 2000 2583 2645 2585 2494 1991 2633 2061 2660 2284 2027 2006 2620 2364 2024 2378 1919 2022 1935 2171 2001 2365 2004 2009 1980 2648 1951 1927 1995 2018 1973 1972 2659 2116 1957 2346 2192 2159 2538 2337 1310 2639 2640 2157 3486 2202 2447 1998 2016 2050 1958 1999 1921 2297 1968 1950 2459 2565 1976 2012 2014 1928 894 2621 2013 2017 
[51-100]	78	3617	0.178878	1914 1996 3183 2658 2636 2025 1931 2097 2435 2225 2647 2627 2657 2011 2626 2000 2583 2645 2585 2494 1991 2633 2061 2660 2284 2027 2006 2620 2364 2024 2378 1919 2022 1935 2171 2001 2365 2004 2009 1980 2648 1951 1927 1995 2018 1973 1972 2659 2116 1957 2346 2192 2159 2538 2337 1310 2639 2640 2157 3486 2202 2447 1998 2016 2050 1958 1999 1921 2297 1968 1950 2459 2565 1976 2012 2014 1928 894 
[51-100]	80	3637	0.178444	1914 1996 3183 2658 2636 2025 1931 2097 2435 2225 2647 2627 2657 2011 2626 2000 2583 2645 2585 2494 1991 2633 2061 2660 2284 2027 2006 2620 2364 2024 2378 1919 2022 1935 2171 2001 2365 2004 2009 1980 2648 1951 1927 1995 2018 1973 1972 2659 2116 1957 2346 2192 2159 2538 2337 1310 2639 2640 2157 3486 2202 2447 1998 2016 2050 1958 1999 1921 2297 1968 1950 2459 2565 1976 2012 2014 1928 894 2621 2013 
[51-100]	68	3384	0.177896	2378 2050 2636 2337 2012 2639 2157 1957 1999 2027 2647 2583 2225 1991 2346 2171 1928 2645 2284 2001 2364 2006 2494 2024 2538 1914 1951 2447 1921 2365 2018 2640 1980 2633 2009 2297 1968 1998 2004 1995 1927 2202 2648 2459 1973 1972 2116 2657 2000 2658 2097 2627 1919 2435 2159 2620 2011 1931 2061 1935 2192 2585 2022 1958 2025 2016 1976 2660 
[51-100]	77	3693	0.176821	2647 2050 2514 2000 2636 2435 2639 2337 1958 2097 2583 1999 2627 1991 1914 2494 2645 2657 2585 2297 2171 2538 2633 1919 1935 2001 1980 1951 2378 1921 2447 2284 2365 2620 1927 2061 1998 2648 2024 1995 2364 2009 2004 1973 2202 2018 1972 2659 1957 2027 2658 2225 2025 2346 2006 2159 1931 2640 2192 2022 2011 2157 2660 2626 2016 1968 1976 2459 2116 1950 2013 2012 1928 2014 136 1466 602 
[51-100]	69	3424	0.170561	2378 2050 2636 2337 2012 2639 2157 1957 1999 2027 2647 2583 2225 1991 2346 2171 1928 2645 2284 2001 2364 2006 2494 2024 2538 1914 1951 2447 1921 2365 2018 2640 1980 2633 2009 2297 1968 1998 2004 1995 1927 2202 2648 2459 1973 1972 2116 2657 2000 2658 2097 2627 1919 2435 2159 2620 2011 1931 2061 1935 2192 2585 2022 1958 2025 2016 1976 2660 2626 
[51-100]	70	3467	0.165849	2225 2016 2014 2025 1957 1931 2097 2011 2639 2627 1991 2660 2006 2657 2192 1914 2157 2061 2648 2494 1919 2645 2284 1935 2001 2159 2364 1927 2620 1951 2640 2022 2171 2202 2378 1998 1995 1973 2116 1972 2658 2636 2583 2000 2585 1950 2647 2626 1980 2027 2024 2346 2633 2004 2365 2337 2538 2447 2050 2018 2435 2297 1958 1921 1999 2009 1976 1968 2459 2659 
[51-100]	75	3542	0.163749	2001 81 2636 1957 2639 2225 1931 2000 2647 1991 2025 2583 2657 2337 2346 2157 2627 2027 2011 2435 1914 3717 2645 2192 2171 2364 2284 2159 2006 2585 1951 2012 2061 1980 1935 2538 2024 2620 2365 2494 2633 2378 1921 32 1927 2640 2447 1995 2660 2022 2648 1998 2004 2009 1968 2018 1976 2097 1973 2658 1972 1919 2050 1999 2116 2202 1958 2016 2626 2297 2459 1950 2659 1928 2013 
[51-100]	76	3561	0.163156	2001 81 2636 1957 2639 2225 1931 2000 2647 1991 2025 2583 2657 2337 2346 2157 2627 2027 2011 2435 1914 3717 2645 2192 2171 2364 2284 2159 2006 2585 1951 2012 2061 1980 1935 2538 2024 2620 2365 2494 2633 2378 1921 32 1927 2640 2447 1995 2660 2022 2648 1998 2004 2009 1968 2018 1976 2097 1973 2658 1972 1919 2050 1999 2116 2202 1958 2016 2626 2297 2459 1950 2659 1928 2013 2014 
[51-100]	72	3512	0.162301	1919 2658 2016 2097 1931 2636 2025 2225 2657 2627 2647 2583 2346 2011 2585 2192 1914 2645 1999 2006 2061 2159 2284 2620 1935 2626 2364 2171 1958 1951 2024 2633 2538 1980 1921 2640 1927 2022 2660 2494 2365 2297 3875 1968 2648 2202 2004 1998 1995 1957 1973 1991 1972 2459 2639 2001 2027 2659 2000 2447 2337 2050 2378 2157 2435 2018 2009 1950 1976 2116 1928 2012 
[51-100]	71	3497	0.162139	2225 2016 2014 2025 1957 1931 2097 2011 2639 2627 1991 2660 2006 2657 2192 1914 2157 2061 2648 2494 1919 2645 2284 1935 2001 2159 2364 1927 2620 1951 2640 2022 2171 2202 2378 1998 1995 1973 2116 1972 2658 2636 2583 2000 2585 1950 2647 2626 1980 2027 2024 2346 2633 2004 2365 2337 2538 2447 2050 2018 2435 2297 1958 1921 1999 2009 1976 1968 2459 2659 1928 
[51-100]	74	3543	0.160034	1919 2658 2016 2097 1931 2636 2025 2225 2657 2627 2647 2583 2346 2011 2585 2192 1914 2645 1999 2006 2061 2159 2284 2620 1935 2626 2364 2171 1958 1951 2024 2633 2538 1980 1921 2640 1927 2022 2660 2494 2365 2297 3875 1968 2648 2202 2004 1998 1995 1957 1973 1991 1972 2459 2639 2001 2027 2659 2000 2447 2337 2050 2378 2157 2435 2018 2009 1950 1976 2116 1928 2012 2013 2014 
[51-100]	73	3520	0.159659	2027 2842 2636 2337 2639 2583 2435 2346 2157 1999 1991 2657 2645 1928 2538 2378 1958 2284 2171 2159 1914 1951 2626 2006 2364 2001 2447 2024 2365 2009 1921 2633 1980 2640 1927 2004 1998 2018 1995 2202 2459 1972 2647 1957 2116 2097 2225 2000 1931 2658 2050 2627 2620 1919 2192 2061 1935 2011 2025 2585 2022 2494 1973 2648 2297 2660 2016 1976 1968 1950 2013 2012 2659 
[101-500]	226	34403	0.054385	2563 2021 2353 2552 2164 2213 2489 2179 2046 2329 1925 2495 1997 2654 2546 2485 2212 2307 2521 2165 2257 2253 1918 2623 2429 2043 2200 2276 2638 2112 2630 2404 2299 1984 1971 2095 2374 2615 2574 2326 2433 2586 2118 2059 2624 2030 2504 2376 2559 2201 1938 2590 2604 2551 2073 2104 2340 2386 2323 2564 2045 2103 2507 2088 2381 2430 2123 2600 2414 2184 1962 1917 1966 2275 2601 1946 2602 2078 2607 2240 2093 2220 2619 1979 2339 2369 2428 2500 2409 2206 1993 2131 2464 2309 2410 2150 2229 2560 2324 2611 2172 2542 2218 1983 2233 2266 2290 2484 2532 2271 2140 1985 2591 2593 2446 2469 2354 2655 2154 2122 2109 2063 2083 2460 2108 2308 2064 2556 2539 2306 2578 2124 2261 2467 2482 1943 2553 2115 2237 1929 2139 2086 2363 2090 2356 2331 2520 2352 2625 2074 1986 2359 2492 2098 2033 2348 2418 2395 2370 2579 2408 2077 2190 2606 2121 2554 2423 2069 2188 2244 2005 2573 2334 2477 2020 2549 2506 2575 2278 1963 2561 1953 1989 2037 2216 2550 2526 2040 2631 2646 2407 2136 2287 2084 2462 2468 2392 2300 2060 2258 2536 2499 2055 2056 2142 2311 2210 2058 2391 2478 2613 2576 1942 2147 2383 2092 2476 2067 2387 2449 2234 2350 2347 2393 2303 2454 
[101-500]	227	34435	0.054044	2563 2021 2353 2552 2164 2213 2489 2179 2046 2329 1925 2495 1997 2654 2546 2485 2212 2307 2521 2165 2257 2253 1918 2623 2429 2043 2200 2276 2638 2112 2630 2404 2299 1984 1971 2095 2374 2615 2574 2326 2433 2586 2118 2059 2624 2030 2504 2376 2559 2201 1938 2590 2604 2551 2073 2104 2340 2386 2323 2564 2045 2103 2507 2088 2381 2430 2123 2600 2414 2184 1962 1917 1966 2275 2601 1946 2602 2078 2607 2240 2093 2220 2619 1979 2339 2369 2428 2500 2409 2206 1993 2131 2464 2309 2410 2150 2229 2560 2324 2611 2172 2542 2218 1983 2233 2266 2290 2484 2532 2271 2140 1985 2591 2593 2446 2469 2354 2655 2154 2122 2109 2063 2083 2460 2108 2308 2064 2556 2539 2306 2578 2124 2261 2467 2482 1943 2553 2115 2237 1929 2139 2086 2363 2090 2356 2331 2520 2352 2625 2074 1986 2359 2492 2098 2033 2348 2418 2395 2370 2579 2408 2077 2190 2606 2121 2554 2423 2069 2188 2244 2005 2573 2334 2477 2020 2549 2506 2575 2278 1963 2561 1953 1989 2037 2216 2550 2526 2040 2631 2646 2407 2136 2287 2084 2462 2468 2392 2300 2060 2258 2536 2499 2055 2056 2142 2311 2210 2058 2391 2478 2613 2576 1942 2147 2383 2092 2476 2067 2387 2449 2234 2350 2347 2393 2303 2454 2044 
[101-500]	245	35241	0.053829	2600 3428 2576 2287 2606 2147 2591 2552 2532 2164 1989 2213 2563 2353 2495 2469 2098 2046 2055 2307 2489 2261 2212 2521 2237 2407 2112 2376 2063 2083 2122 2326 2308 2077 2115 2086 2374 2392 2290 2554 2299 2043 2359 2482 2140 2276 1925 2323 2200 2354 2404 2462 2418 2485 2179 2095 2370 2340 2655 2216 1918 2467 2539 2630 2615 2638 2108 2593 2059 2546 2154 2623 2590 2064 2446 2060 2201 1986 2118 2190 2045 2391 2184 2506 2586 2104 2240 2123 2124 2275 2030 2381 2220 2414 1943 2331 2078 2604 2553 2073 2033 1971 1953 2352 2088 1938 2040 2369 1979 2090 2069 2460 2074 2005 2093 2578 2206 1917 2625 2602 2564 2520 2056 2139 2165 2507 2188 1962 2575 2309 2150 2607 2363 2244 2631 2619 2492 2423 2348 2121 2433 2559 2601 2131 2573 2408 2551 1966 1993 2574 2020 1239 2395 2339 2646 2210 2428 2386 1983 2500 2550 2172 2430 2410 2037 2464 2218 2542 2409 2611 2278 2560 2324 2526 2084 2257 2654 2484 2271 1984 2253 1997 2624 2233 2356 2266 2556 2504 2109 2103 2329 1946 1929 1963 2579 2229 2142 2334 2306 2477 1985 2549 2561 2499 2136 2300 2311 2258 2536 2468 2058 2429 2478 2613 2021 2092 1942 2067 2383 2350 2476 2387 2234 2449 2393 2303 2347 2019 2454 2044 2427 2543 2262 2524 2584 1941 2288 2443 2545 1560 3395 256 3589 2269 2208 
[101-500]	229	34689	0.053706	2563 2021 2353 2552 2164 2213 2489 2179 2046 2329 1925 2495 1997 2654 2546 2485 2212 2307 2521 2165 2257 2253 1918 2623 2429 2043 2200 2276 2638 2112 2630 2404 2299 1984 1971 2095 2374 2615 2574 2326 2433 2586 2118 2059 2624 2030 2504 2376 2559 2201 1938 2590 2604 2551 2073 2104 2340 2386 2323 2564 2045 2103 2507 2088 2381 2430 2123 2600 2414 2184 1962 1917 1966 2275 2601 1946 2602 2078 2607 2240 2093 2220 2619 1979 2339 2369 2428 2500 2409 2206 1993 2131 2464 2309 2410 2150 2229 2560 2324 2611 2172 2542 2218 1983 2233 2266 2290 2484 2532 2271 2140 1985 2591 2593 2446 2469 2354 2655 2154 2122 2109 2063 2083 2460 2108 2308 2064 2556 2539 2306 2578 2124 2261 2467 2482 1943 2553 2115 2237 1929 2139 2086 2363 2090 2356 2331 2520 2352 2625 2074 1986 2359 2492 2098 2033 2348 2418 2395 2370 2579 2408 2077 2190 2606 2121 2554 2423 2069 2188 2244 2005 2573 2334 2477 2020 2549 2506 2575 2278 1963 2561 1953 1989 2037 2216 2550 2526 2040 2631 2646 2407 2136 2287 2084 2462 2468 2392 2300 2060 2258 2536 2499 2055 2056 2142 2311 2210 2058 2391 2478 2613 2576 1942 2147 2383 2092 2476 2067 2387 2449 2234 2350 2347 2393 2303 2454 2044 2427 1941 
[101-500]	228	34464	0.053679	2563 2021 2353 2552 2164 2213 2489 2179 2046 2329 1925 2495 1997 2654 2546 2485 2212 2307 2521 2165 2257 2253 1918 2623 2429 2043 2200 2276 2638 2112 2630 2404 2299 1984 1971 2095 2374 2615 2574 2326 2433 2586 2118 2059 2624 2030 2504 2376 2559 2201 1938 2590 2604 2551 2073 2104 2340 2386 2323 2564 2045 2103 2507 2088 2381 2430 2123 2600 2414 2184 1962 1917 1966 2275 2601 1946 2602 2078 2607 2240 2093 2220 2619 1979 2339 2369 2428 2500 2409 2206 1993 2131 2464 2309 2410 2150 2229 2560 2324 2611 2172 2542 2218 1983 2233 2266 2290 2484 2532 2271 2140 1985 2591 2593 2446 2469 2354 2655 2154 2122 2109 2063 2083 2460 2108 2308 2064 2556 2539 2306 2578 2124 2261 2467 2482 1943 2553 2115 2237 1929 2139 2086 2363 2090 2356 2331 2520 2352 2625 2074 1986 2359 2492 2098 2033 2348 2418 2395 2370 2579 2408 2077 2190 2606 2121 2554 2423 2069 2188 2244 2005 2573 2334 2477 2020 2549 2506 2575 2278 1963 2561 1953 1989 2037 2216 2550 2526 2040 2631 2646 2407 2136 2287 2084 2462 2468 2392 2300 2060 2258 2536 2499 2055 2056 2142 2311 2210 2058 2391 2478 2613 2576 1942 2147 2383 2092 2476 2067 2387 2449 2234 2350 2347 2393 2303 2454 2044 2427 
[101-500]	244	35212	0.053618	2600 3428 2576 2287 2606 2147 2591 2552 2532 2164 1989 2213 2563 2353 2495 2469 2098 2046 2055 2307 2489 2261 2212 2521 2237 2407 2112 2376 2063 2083 2122 2326 2308 2077 2115 2086 2374 2392 2290 2554 2299 2043 2359 2482 2140 2276 1925 2323 2200 2354 2404 2462 2418 2485 2179 2095 2370 2340 2655 2216 1918 2467 2539 2630 2615 2638 2108 2593 2059 2546 2154 2623 2590 2064 2446 2060 2201 1986 2118 2190 2045 2391 2184 2506 2586 2104 2240 2123 2124 2275 2030 2381 2220 2414 1943 2331 2078 2604 2553 2073 2033 1971 1953 2352 2088 1938 2040 2369 1979 2090 2069 2460 2074 2005 2093 2578 2206 1917 2625 2602 2564 2520 2056 2139 2165 2507 2188 1962 2575 2309 2150 2607 2363 2244 2631 2619 2492 2423 2348 2121 2433 2559 2601 2131 2573 2408 2551 1966 1993 2574 2020 1239 2395 2339 2646 2210 2428 2386 1983 2500 2550 2172 2430 2410 2037 2464 2218 2542 2409 2611 2278 2560 2324 2526 2084 2257 2654 2484 2271 1984 2253 1997 2624 2233 2356 2266 2556 2504 2109 2103 2329 1946 1929 1963 2579 2229 2142 2334 2306 2477 1985 2549 2561 2499 2136 2300 2311 2258 2536 2468 2058 2429 2478 2613 2021 2092 1942 2067 2383 2350 2476 2387 2234 2449 2393 2303 2347 2019 2454 2044 2427 2543 2262 2524 2584 1941 2288 2443 2545 1560 3395 256 3589 2269 
[101-500]	243	35208	0.053567	2600 3428 2576 2287 2606 2147 2591 2552 2532 2164 1989 2213 2563 2353 2495 2469 2098 2046 2055 2307 2489 2261 2212 2521 2237 2407 2112 2376 2063 2083 2122 2326 2308 2077 2115 2086 2374 2392 2290 2554 2299 2043 2359 2482 2140 2276 1925 2323 2200 2354 2404 2462 2418 2485 2179 2095 2370 2340 2655 2216 1918 2467 2539 2630 2615 2638 2108 2593 2059 2546 2154 2623 2590 2064 2446 2060 2201 1986 2118 2190 2045 2391 2184 2506 2586 2104 2240 2123 2124 2275 2030 2381 2220 2414 1943 2331 2078 2604 2553 2073 2033 1971 1953 2352 2088 1938 2040 2369 1979 2090 2069 2460 2074 2005 2093 2578 2206 1917 2625 2602 2564 2520 2056 2139 2165 2507 2188 1962 2575 2309 2150 2607 2363 2244 2631 2619 2492 2423 2348 2121 2433 2559 2601 2131 2573 2408 2551 1966 1993 2574 2020 1239 2395 2339 2646 2210 2428 2386 1983 2500 2550 2172 2430 2410 2037 2464 2218 2542 2409 2611 2278 2560 2324 2526 2084 2257 2654 2484 2271 1984 2253 1997 2624 2233 2356 2266 2556 2504 2109 2103 2329 1946 1929 1963 2579 2229 2142 2334 2306 2477 1985 2549 2561 2499 2136 2300 2311 2258 2536 2468 2058 2429 2478 2613 2021 2092 1942 2067 2383 2350 2476 2387 2234 2449 2393 2303 2347 2019 2454 2044 2427 2543 2262 2524 2584 1941 2288 2443 2545 1560 3395 256 3589 
[101-500]	230	34710	0.053414	2563 2021 2353 2552 2164 2213 2489 2179 2046 2329 1925 2495 1997 2654 2546 2485 2212 2307 2521 2165 2257 2253 1918 2623 2429 2043 2200 2276 2638 2112 2630 2404 2299 1984 1971 2095 2374 2615 2574 2326 2433 2586 2118 2059 2624 2030 2504 2376 2559 2201 1938 2590 2604 2551 2073 2104 2340 2386 2323 2564 2045 2103 2507 2088 2381 2430 2123 2600 2414 2184 1962 1917 1966 2275 2601 1946 2602 2078 2607 2240 2093 2220 2619 1979 2339 2369 2428 2500 2409 2206 1993 2131 2464 2309 2410 2150 2229 2560 2324 2611 2172 2542 2218 1983 2233 2266 2290 2484 2532 2271 2140 1985 2591 2593 2446 2469 2354 2655 2154 2122 2109 2063 2083 2460 2108 2308 2064 2556 2539 2306 2578 2124 2261 2467 2482 1943 2553 2115 2237 1929 2139 2086 2363 2090 2356 2331 2520 2352 2625 2074 1986 2359 2492 2098 2033 2348 2418 2395 2370 2579 2408 2077 2190 2606 2121 2554 2423 2069 2188 2244 2005 2573 2334 2477 2020 2549 2506 2575 2278 1963 2561 1953 1989 2037 2216 2550 2526 2040 2631 2646 2407 2136 2287 2084 2462 2468 2392 2300 2060 2258 2536 2499 2055 2056 2142 2311 2210 2058 2391 2478 2613 2576 1942 2147 2383 2092 2476 2067 2387 2449 2234 2350 2347 2393 2303 2454 2044 2427 1941 2019 
[101-500]	231	34728	0.053329	2563 2021 2353 2552 2164 2213 2489 2179 2046 2329 1925 2495 1997 2654 2546 2485 2212 2307 2521 2165 2257 2253 1918 2623 2429 2043 2200 2276 2638 2112 2630 2404 2299 1984 1971 2095 2374 2615 2574 2326 2433 2586 2118 2059 2624 2030 2504 2376 2559 2201 1938 2590 2604 2551 2073 2104 2340 2386 2323 2564 2045 2103 2507 2088 2381 2430 2123 2600 2414 2184 1962 1917 1966 2275 2601 1946 2602 2078 2607 2240 2093 2220 2619 1979 2339 2369 2428 2500 2409 2206 1993 2131 2464 2309 2410 2150 2229 2560 2324 2611 2172 2542 2218 1983 2233 2266 2290 2484 2532 2271 2140 1985 2591 2593 2446 2469 2354 2655 2154 2122 2109 2063 2083 2460 2108 2308 2064 2556 2539 2306 2578 2124 2261 2467 2482 1943 2553 2115 2237 1929 2139 2086 2363 2090 2356 2331 2520 2352 2625 2074 1986 2359 2492 2098 2033 2348 2418 2395 2370 2579 2408 2077 2190 2606 2121 2554 2423 2069 2188 2244 2005 2573 2334 2477 2020 2549 2506 2575 2278 1963 2561 1953 1989 2037 2216 2550 2526 2040 2631 2646 2407 2136 2287 2084 2462 2468 2392 2300 2060 2258 2536 2499 2055 2056 2142 2311 2210 2058 2391 2478 2613 2576 1942 2147 2383 2092 2476 2067 2387 2449 2234 2350 2347 2393 2303 2454 2044 2427 1941 2019 2524 
[101-500]	242	35215	0.053301	2563 2021 2353 2552 2164 2213 2489 2179 2046 2329 1925 2495 1997 2654 2546 2485 2212 2307 2521 2165 2257 2253 1918 2623 2429 2043 2200 2276 2638 2112 2630 2404 2299 1984 1971 2095 2374 2615 2574 2326 2433 2586 2118 2059 2624 2030 2504 2376 2559 2201 1938 2590 2604 2551 2073 2104 2340 2386 2323 2564 2045 2103 2507 2088 2381 2430 2123 2600 2414 2184 1962 1917 1966 2275 2601 1946 2602 2078 2607 2240 2093 2220 2619 1979 2339 2369 2428 2500 2409 2206 1993 2131 2464 2309 2410 2150 2229 2560 2324 2611 2172 2542 2218 1983 2233 2266 2290 2484 2532 2271 2140 1985 2591 2593 2446 2469 2354 2655 2154 2122 2109 2063 2083 2460 2108 2308 2064 2556 2539 2306 2578 2124 2261 2467 2482 1943 2553 2115 2237 1929 2139 2086 2363 2090 2356 2331 2520 2352 2625 2074 1986 2359 2492 2098 2033 2348 2418 2395 2370 2579 2408 2077 2190 2606 2121 2554 2423 2069 2188 2244 2005 2573 2334 2477 2020 2549 2506 2575 2278 1963 2561 1953 1989 2037 2216 2550 2526 2040 2631 2646 2407 2136 2287 2084 2462 2468 2392 2300 2060 2258 2536 2499 2055 2056 2142 2311 2210 2058 2391 2478 2613 2576 1942 2147 2383 2092 2476 2067 2387 2449 2234 2350 2347 2393 2303 2454 2044 2427 1941 2019 2524 1309 2543 2443 2584 2262 2288 1560 2545 2269 2208 3589 
[101-500]	241	35209	0.053253	2563 2021 2353 2552 2164 2213 2489 2179 2046 2329 1925 2495 1997 2654 2546 2485 2212 2307 2521 2165 2257 2253 1918 2623 2429 2043 2200 2276 2638 2112 2630 2404 2299 1984 1971 2095 2374 2615 2574 2326 2433 2586 2118 2059 2624 2030 2504 2376 2559 2201 1938 2590 2604 2551 2073 2104 2340 2386 2323 2564 2045 2103 2507 2088 2381 2430 2123 2600 2414 2184 1962 1917 1966 2275 2601 1946 2602 2078 2607 2240 2093 2220 2619 1979 2339 2369 2428 2500 2409 2206 1993 2131 2464 2309 2410 2150 2229 2560 2324 2611 2172 2542 2218 1983 2233 2266 2290 2484 2532 2271 2140 1985 2591 2593 2446 2469 2354 2655 2154 2122 2109 2063 2083 2460 2108 2308 2064 2556 2539 2306 2578 2124 2261 2467 2482 1943 2553 2115 2237 1929 2139 2086 2363 2090 2356 2331 2520 2352 2625 2074 1986 2359 2492 2098 2033 2348 2418 2395 2370 2579 2408 2077 2190 2606 2121 2554 2423 2069 2188 2244 2005 2573 2334 2477 2020 2549 2506 2575 2278 1963 2561 1953 1989 2037 2216 2550 2526 2040 2631 2646 2407 2136 2287 2084 2462 2468 2392 2300 2060 2258 2536 2499 2055 2056 2142 2311 2210 2058 2391 2478 2613 2576 1942 2147 2383 2092 2476 2067 2387 2449 2234 2350 2347 2393 2303 2454 2044 2427 1941 2019 2524 1309 2543 2443 2584 2262 2288 1560 2545 2269 2208 
[101-500]	232	34810	0.053031	2600 3428 2576 2287 2606 2147 2591 2552 2532 2164 1989 2213 2563 2353 2495 2469 2098 2046 2055 2307 2489 2261 2212 2521 2237 2407 2112 2376 2063 2083 2122 2326 2308 2077 2115 2086 2374 2392 2290 2554 2299 2043 2359 2482 2140 2276 1925 2323 2200 2354 2404 2462 2418 2485 2179 2095 2370 2340 2655 2216 1918 2467 2539 2630 2615 2638 2108 2593 2059 2546 2154 2623 2590 2064 2446 2060 2201 1986 2118 2190 2045 2391 2184 2506 2586 2104 2240 2123 2124 2275 2030 2381 2220 2414 1943 2331 2078 2604 2553 2073 2033 1971 1953 2352 2088 1938 2040 2369 1979 2090 2069 2460 2074 2005 2093 2578 2206 1917 2625 2602 2564 2520 2056 2139 2165 2507 2188 1962 2575 2309 2150 2607 2363 2244 2631 2619 2492 2423 2348 2121 2433 2559 2601 2131 2573 2408 2551 1966 1993 2574 2020 1239 2395 2339 2646 2210 2428 2386 1983 2500 2550 2172 2430 2410 2037 2464 2218 2542 2409 2611 2278 2560 2324 2526 2084 2257 2654 2484 2271 1984 2253 1997 2624 2233 2356 2266 2556 2504 2109 2103 2329 1946 1929 1963 2579 2229 2142 2334 2306 2477 1985 2549 2561 2499 2136 2300 2311 2258 2536 2468 2058 2429 2478 2613 2021 2092 1942 2067 2383 2350 2476 2387 2234 2449 2393 2303 2347 2019 2454 2044 2427 2543 
[101-500]	233	34829	0.052916	2600 3428 2576 2287 2606 2147 2591 2552 2532 2164 1989 2213 2563 2353 2495 2469 2098 2046 2055 2307 2489 2261 2212 2521 2237 2407 2112 2376 2063 2083 2122 2326 2308 2077 2115 2086 2374 2392 2290 2554 2299 2043 2359 2482 2140 2276 1925 2323 2200 2354 2404 2462 2418 2485 2179 2095 2370 2340 2655 2216 1918 2467 2539 2630 2615 2638 2108 2593 2059 2546 2154 2623 2590 2064 2446 2060 2201 1986 2118 2190 2045 2391 2184 2506 2586 2104 2240 2123 2124 2275 2030 2381 2220 2414 1943 2331 2078 2604 2553 2073 2033 1971 1953 2352 2088 1938 2040 2369 1979 2090 2069 2460 2074 2005 2093 2578 2206 1917 2625 2602 2564 2520 2056 2139 2165 2507 2188 1962 2575 2309 2150 2607 2363 2244 2631 2619 2492 2423 2348 2121 2433 2559 2601 2131 2573 2408 2551 1966 1993 2574 2020 1239 2395 2339 2646 2210 2428 2386 1983 2500 2550 2172 2430 2410 2037 2464 2218 2542 2409 2611 2278 2560 2324 2526 2084 2257 2654 2484 2271 1984 2253 1997 2624 2233 2356 2266 2556 2504 2109 2103 2329 1946 1929 1963 2579 2229 2142 2334 2306 2477 1985 2549 2561 2499 2136 2300 2311 2258 2536 2468 2058 2429 2478 2613 2021 2092 1942 2067 2383 2350 2476 2387 2234 2449 2393 2303 2347 2019 2454 2044 2427 2543 2262 
[101-500]	234	34847	0.052831	2600 3428 2576 2287 2606 2147 2591 2552 2532 2164 1989 2213 2563 2353 2495 2469 2098 2046 2055 2307 2489 2261 2212 2521 2237 2407 2112 2376 2063 2083 2122 2326 2308 2077 2115 2086 2374 2392 2290 2554 2299 2043 2359 2482 2140 2276 1925 2323 2200 2354 2404 2462 2418 2485 2179 2095 2370 2340 2655 2216 1918 2467 2539 2630 2615 2638 2108 2593 2059 2546 2154 2623 2590 2064 2446 2060 2201 1986 2118 2190 2045 2391 2184 2506 2586 2104 2240 2123 2124 2275 2030 2381 2220 2414 1943 2331 2078 2604 2553 2073 2033 1971 1953 2352 2088 1938 2040 2369 1979 2090 2069 2460 2074 2005 2093 2578 2206 1917 2625 2602 2564 2520 2056 2139 2165 2507 2188 1962 2575 2309 2150 2607 2363 2244 2631 2619 2492 2423 2348 2121 2433 2559 2601 2131 2573 2408 2551 1966 1993 2574 2020 1239 2395 2339 2646 2210 2428 2386 1983 2500 2550 2172 2430 2410 2037 2464 2218 2542 2409 2611 2278 2560 2324 2526 2084 2257 2654 2484 2271 1984 2253 1997 2624 2233 2356 2266 2556 2504 2109 2103 2329 1946 1929 1963 2579 2229 2142 2334 2306 2477 1985 2549 2561 2499 2136 2300 2311 2258 2536 2468 2058 2429 2478 2613 2021 2092 1942 2067 2383 2350 2476 2387 2234 2449 2393 2303 2347 2019 2454 2044 2427 2543 2262 2524 
[101-500]	235	34866	0.052659	2600 3428 2576 2287 2606 2147 2591 2552 2532 2164 1989 2213 2563 2353 2495 2469 2098 2046 2055 2307 2489 2261 2212 2521 2237 2407 2112 2376 2063 2083 2122 2326 2308 2077 2115 2086 2374 2392 2290 2554 2299 2043 2359 2482 2140 2276 1925 2323 2200 2354 2404 2462 2418 2485 2179 2095 2370 2340 2655 2216 1918 2467 2539 2630 2615 2638 2108 2593 2059 2546 2154 2623 2590 2064 2446 2060 2201 1986 2118 2190 2045 2391 2184 2506 2586 2104 2240 2123 2124 2275 2030 2381 2220 2414 1943 2331 2078 2604 2553 2073 2033 1971 1953 2352 2088 1938 2040 2369 1979 2090 2069 2460 2074 2005 2093 2578 2206 1917 2625 2602 2564 2520 2056 2139 2165 2507 2188 1962 2575 2309 2150 2607 2363 2244 2631 2619 2492 2423 2348 2121 2433 2559 2601 2131 2573 2408 2551 1966 1993 2574 2020 1239 2395 2339 2646 2210 2428 2386 1983 2500 2550 2172 2430 2410 2037 2464 2218 2542 2409 2611 2278 2560 2324 2526 2084 2257 2654 2484 2271 1984 2253 1997 2624 2233 2356 2266 2556 2504 2109 2103 2329 1946 1929 1963 2579 2229 2142 2334 2306 2477 1985 2549 2561 2499 2136 2300 2311 2258 2536 2468 2058 2429 2478 2613 2021 2092 1942 2067 2383 2350 2476 2387 2234 2449 2393 2303 2347 2019 2454 2044 2427 2543 2262 2524 2584 
[101-500]	236	35091	0.052635	2600 3428 2576 2287 2606 2147 2591 2552 2532 2164 1989 2213 2563 2353 2495 2469 2098 2046 2055 2307 2489 2261 2212 2521 2237 2407 2112 2376 2063 2083 2122 2326 2308 2077 2115 2086 2374 2392 2290 2554 2299 2043 2359 2482 2140 2276 1925 2323 2200 2354 2404 2462 2418 2485 2179 2095 2370 2340 2655 2216 1918 2467 2539 2630 2615 2638 2108 2593 2059 2546 2154 2623 2590 2064 2446 2060 2201 1986 2118 2190 2045 2391 2184 2506 2586 2104 2240 2123 2124 2275 2030 2381 2220 2414 1943 2331 2078 2604 2553 2073 2033 1971 1953 2352 2088 1938 2040 2369 1979 2090 2069 2460 2074 2005 2093 2578 2206 1917 2625 2602 2564 2520 2056 2139 2165 2507 2188 1962 2575 2309 2150 2607 2363 2244 2631 2619 2492 2423 2348 2121 2433 2559 2601 2131 2573 2408 2551 1966 1993 2574 2020 1239 2395 2339 2646 2210 2428 2386 1983 2500 2550 2172 2430 2410 2037 2464 2218 2542 2409 2611 2278 2560 2324 2526 2084 2257 2654 2484 2271 1984 2253 1997 2624 2233 2356 2266 2556 2504 2109 2103 2329 1946 1929 1963 2579 2229 2142 2334 2306 2477 1985 2549 2561 2499 2136 2300 2311 2258 2536 2468 2058 2429 2478 2613 2021 2092 1942 2067 2383 2350 2476 2387 2234 2449 2393 2303 2347 2019 2454 2044 2427 2543 2262 2524 2584 1941 
[101-500]	237	35114	0.052515	2600 3428 2576 2287 2606 2147 2591 2552 2532 2164 1989 2213 2563 2353 2495 2469 2098 2046 2055 2307 2489 2261 2212 2521 2237 2407 2112 2376 2063 2083 2122 2326 2308 2077 2115 2086 2374 2392 2290 2554 2299 2043 2359 2482 2140 2276 1925 2323 2200 2354 2404 2462 2418 2485 2179 2095 2370 2340 2655 2216 1918 2467 2539 2630 2615 2638 2108 2593 2059 2546 2154 2623 2590 2064 2446 2060 2201 1986 2118 2190 2045 2391 2184 2506 2586 2104 2240 2123 2124 2275 2030 2381 2220 2414 1943 2331 2078 2604 2553 2073 2033 1971 1953 2352 2088 1938 2040 2369 1979 2090 2069 2460 2074 2005 2093 2578 2206 1917 2625 2602 2564 2520 2056 2139 2165 2507 2188 1962 2575 2309 2150 2607 2363 2244 2631 2619 2492 2423 2348 2121 2433 2559 2601 2131 2573 2408 2551 1966 1993 2574 2020 1239 2395 2339 2646 2210 2428 2386 1983 2500 2550 2172 2430 2410 2037 2464 2218 2542 2409 2611 2278 2560 2324 2526 2084 2257 2654 2484 2271 1984 2253 1997 2624 2233 2356 2266 2556 2504 2109 2103 2329 1946 1929 1963 2579 2229 2142 2334 2306 2477 1985 2549 2561 2499 2136 2300 2311 2258 2536 2468 2058 2429 2478 2613 2021 2092 1942 2067 2383 2350 2476 2387 2234 2449 2393 2303 2347 2019 2454 2044 2427 2543 2262 2524 2584 1941 2288 
[101-500]	240	35156	0.052395	2600 3428 2576 2287 2606 2147 2591 2552 2532 2164 1989 2213 2563 2353 2495 2469 2098 2046 2055 2307 2489 2261 2212 2521 2237 2407 2112 2376 2063 2083 2122 2326 2308 2077 2115 2086 2374 2392 2290 2554 2299 2043 2359 2482 2140 2276 1925 2323 2200 2354 2404 2462 2418 2485 2179 2095 2370 2340 2655 2216 1918 2467 2539 2630 2615 2638 2108 2593 2059 2546 2154 2623 2590 2064 2446 2060 2201 1986 2118 2190 2045 2391 2184 2506 2586 2104 2240 2123 2124 2275 2030 2381 2220 2414 1943 2331 2078 2604 2553 2073 2033 1971 1953 2352 2088 1938 2040 2369 1979 2090 2069 2460 2074 2005 2093 2578 2206 1917 2625 2602 2564 2520 2056 2139 2165 2507 2188 1962 2575 2309 2150 2607 2363 2244 2631 2619 2492 2423 2348 2121 2433 2559 2601 2131 2573 2408 2551 1966 1993 2574 2020 1239 2395 2339 2646 2210 2428 2386 1983 2500 2550 2172 2430 2410 2037 2464 2218 2542 2409 2611 2278 2560 2324 2526 2084 2257 2654 2484 2271 1984 2253 1997 2624 2233 2356 2266 2556 2504 2109 2103 2329 1946 1929 1963 2579 2229 2142 2334 2306 2477 1985 2549 2561 2499 2136 2300 2311 2258 2536 2468 2058 2429 2478 2613 2021 2092 1942 2067 2383 2350 2476 2387 2234 2449 2393 2303 2347 2019 2454 2044 2427 2543 2262 2524 2584 1941 2288 2443 2545 1560 
[101-500]	238	35137	0.052395	2600 3428 2576 2287 2606 2147 2591 2552 2532 2164 1989 2213 2563 2353 2495 2469 2098 2046 2055 2307 2489 2261 2212 2521 2237 2407 2112 2376 2063 2083 2122 2326 2308 2077 2115 2086 2374 2392 2290 2554 2299 2043 2359 2482 2140 2276 1925 2323 2200 2354 2404 2462 2418 2485 2179 2095 2370 2340 2655 2216 1918 2467 2539 2630 2615 2638 2108 2593 2059 2546 2154 2623 2590 2064 2446 2060 2201 1986 2118 2190 2045 2391 2184 2506 2586 2104 2240 2123 2124 2275 2030 2381 2220 2414 1943 2331 2078 2604 2553 2073 2033 1971 1953 2352 2088 1938 2040 2369 1979 2090 2069 2460 2074 2005 2093 2578 2206 1917 2625 2602 2564 2520 2056 2139 2165 2507 2188 1962 2575 2309 2150 2607 2363 2244 2631 2619 2492 2423 2348 2121 2433 2559 2601 2131 2573 2408 2551 1966 1993 2574 2020 1239 2395 2339 2646 2210 2428 2386 1983 2500 2550 2172 2430 2410 2037 2464 2218 2542 2409 2611 2278 2560 2324 2526 2084 2257 2654 2484 2271 1984 2253 1997 2624 2233 2356 2266 2556 2504 2109 2103 2329 1946 1929 1963 2579 2229 2142 2334 2306 2477 1985 2549 2561 2499 2136 2300 2311 2258 2536 2468 2058 2429 2478 2613 2021 2092 1942 2067 2383 2350 2476 2387 2234 2449 2393 2303 2347 2019 2454 2044 2427 2543 2262 2524 2584 1941 2288 2443 
[101-500]	239	35151	0.052374	2600 3428 2576 2287 2606 2147 2591 2552 2532 2164 1989 2213 2563 2353 2495 2469 2098 2046 2055 2307 2489 2261 2212 2521 2237 2407 2112 2376 2063 2083 2122 2326 2308 2077 2115 2086 2374 2392 2290 2554 2299 2043 2359 2482 2140 2276 1925 2323 2200 2354 2404 2462 2418 2485 2179 2095 2370 2340 2655 2216 1918 2467 2539 2630 2615 2638 2108 2593 2059 2546 2154 2623 2590 2064 2446 2060 2201 1986 2118 2190 2045 2391 2184 2506 2586 2104 2240 2123 2124 2275 2030 2381 2220 2414 1943 2331 2078 2604 2553 2073 2033 1971 1953 2352 2088 1938 2040 2369 1979 2090 2069 2460 2074 2005 2093 2578 2206 1917 2625 2602 2564 2520 2056 2139 2165 2507 2188 1962 2575 2309 2150 2607 2363 2244 2631 2619 2492 2423 2348 2121 2433 2559 2601 2131 2573 2408 2551 1966 1993 2574 2020 1239 2395 2339 2646 2210 2428 2386 1983 2500 2550 2172 2430 2410 2037 2464 2218 2542 2409 2611 2278 2560 2324 2526 2084 2257 2654 2484 2271 1984 2253 1997 2624 2233 2356 2266 2556 2504 2109 2103 2329 1946 1929 1963 2579 2229 2142 2334 2306 2477 1985 2549 2561 2499 2136 2300 2311 2258 2536 2468 2058 2429 2478 2613 2021 2092 1942 2067 2383 2350 2476 2387 2234 2449 2393 2303 2347 2019 2454 2044 2427 2543 2262 2524 2584 1941 2288 2443 2545 
[501-1000]	746	64538	0.041650	2293 2496 2239 2137 2156 2420 2267 2135 2148 2332 2372 2039 2597 2351 2338 2028 2567 2533 1920 2319 2138 2398 2302 2279 2629 2071 2594 2153 2555 2592 2183 2149 2068 2510 1465 2187 1959 2461 2087 2336 2292 2282 2054 2081 2333 2283 2111 1577 2384 2609 2465 2134 2315 547 2042 1994 2653 2643 1948 2053 2047 1932 2191 2196 1955 2194 2516 2330 2052 2010 2458 2508 2385 2144 1945 2180 2649 2032 2224 2463 2582 2127 2598 2247 2241 2254 2072 2436 2491 2273 2125 2589 2199 2327 2169 2617 2377 2509 1940 2343 2102 2588 2511 2203 2151 2471 2328 2547 2250 2128 2223 2002 2451 2295 2264 2616 2057 2294 2537 2434 1916 1947 2174 2117 2475 2246 2285 2344 2198 2399 2215 2608 2394 2445 1981 2161 2498 2368 2396 2642 1926 2038 2512 1939 2132 2304 1987 2176 2519 2502 1970 2289 2529 2143 2101 2026 2419 2133 2235 2472 2390 2652 2062 2280 2243 2544 2007 2274 2438 2518 2268 2479 2603 2075 2259 2222 2473 2249 2003 2379 2599 2110 2417 2522 1941 2221 2252 2189 2501 2415 1954 2177 2572 2571 2163 2232 2325 2432 2367 1913 2530 2355 2155 2096 2029 2226 2525 2543 2345 1923 2185 2031 2637 2480 2568 2305 2065 2413 1718 2610 136 2347 2605 2310 2635 2416 1969 2366 2557 2205 2362 2211 2389 2312 2209 2208 74 2242 2145 1944 1952 2400 2141 2296 2531 2425 2318 2272 2099 1964 2468 2406 2612 2581 2566 2641 2186 2298 2036 2270 2175 1912 2493 1982 2322 2085 2453 2452 2251 1820 2388 2256 2040 287 2048 2100 1974 2214 2632 2182 1915 2401 1965 2540 2116 1975 2066 2160 2291 2503 2265 3801 2197 2277 2113 2313 2041 2080 1988 2455 2248 1977 2523 2497 2474 1930 2459 2361 2008 2314 2231 2114 2514 2173 2130 2288 2412 2403 2371 2651 2162 2440 2360 2628 2091 2126 2120 2424 2009 2358 2317 1922 2397 2015 2640 1973 2107 2286 2230 2236 2443 1936 2082 2228 2448 1972 1934 2427 2577 1985 1999 2342 2587 1978 2119 2534 1921 2350 2260 2217 2618 2580 2656 2341 2049 2565 1960 2411 2023 2035 2070 2639 2644 2488 858 2548 2426 1990 1976 2316 1931 2157 2634 2538 2614 2225 2513 2238 2152 138 2004 1968 2444 2364 2335 2158 2659 2429 2193 2051 2583 1995 2166 2018 2022 2024 2466 2027 2658 2449 2636 2456 2171 2001 2129 2595 2387 2255 2170 2647 2365 2584 2517 2627 2462 2393 2447 2378 1935 1992 1951 1919 2097 2570 1991 2405 2450 2006 2210 2219 2192 2620 2337 2233 2146 2284 2657 2320 1957 2019 2486 2490 2159 2202 2645 2011 2234 2034 1937 2092 2067 2660 2000 2648 1956 2373 2266 2349 2303 1914 2560 1933 1928 2524 2142 2013 1980 2287 2089 2017 2061 2346 2181 1961 1927 2278 2324 2016 2562 1998 2058 2147 2207 2478 2585 2542 2506 2060 2622 692 1949 2551 2402 2489 691 2623 2050 1989 2014 2334 2069 2631 2439 2650 2055 2063 2536 2526 2025 2633 1942 2297 1925 2521 2354 2329 2606 2494 2184 2229 2395 2414 2442 2300 2646 1983 2237 2046 2575 2611 2392 2309 2561 2086 2563 2558 2573 2095 2078 2638 2482 2604 2056 2435 2109 2121 2469 2165 1996 2098 2626 2550 3955 2301 2428 2460 2123 2112 2348 2253 2630 1958 2240 2140 2150 2084 2574 2433 2602 2357 2507 2059 2556 2619 2090 1997 2370 2410 2124 2404 2244 2539 1971 2528 2308 1966 2615 2369 2600 2271 1938 2340 2446 2257 2654 2485 2076 2064 2624 2601 2043 2339 2564 2383 2546 2326 2212 2088 2103 2093 2593 2586 2484 2131 2323 2625 2363 2154 2464 2030 2376 2590 2520 2374 2262 2261 2108 2073 1918 2118 2559 1917 2352 1946 2206 1943 2381 2467 2492 2083 2331 602 2188 2306 2409 2299 2418 2005 2353 2201 2115 2607 2578 2423 2476 2576 1993 2275 2020 1962 1963 2276 2407 1979 2258 2045 2122 2227 147 2033 1984 2545 2430 2591 2621 2104 2505 2037 4022 2532 2552 2164 2172 2220 2021 2139 2499 2495 2218 2216 2579 356 2408 1950 2391 2554 2290 2213 2136 2380 2386 2553 2200 2356 1953 2179 2515 2422 2044 3489 1986 2077 2655 2549 2190 1929 2311 2074 2359 498 2500 2307 2535 911 2504 2477 2454 1924 1599 2842 860 2792 3992 90 2105 2012 
[501-1000]	765	64722	0.041593	2293 2496 2239 2137 2156 2420 2267 2135 2148 2332 2372 2039 2597 2351 2338 2028 2567 2533 1920 2319 2138 2398 2302 2279 2629 2071 2594 2153 2555 2592 2183 2149 2068 2510 1465 2187 1959 2461 2087 2336 2292 2282 2054 2081 2333 2283 2111 1577 2384 2609 2465 2134 2315 547 2042 1994 2653 2643 1948 2053 2047 1932 2191 2196 1955 2194 2516 2330 2052 2010 2458 2508 2385 2144 1945 2180 2649 2032 2224 2463 2582 2127 2598 2247 2241 2254 2072 2436 2491 2273 2125 2589 2199 2327 2169 2617 2377 2509 1940 2343 2102 2588 2511 2203 2151 2471 2328 2547 2250 2128 2223 2002 2451 2295 2264 2616 2057 2294 2537 2434 1916 1947 2174 2117 2475 2246 2285 2344 2198 2399 2215 2608 2394 2445 1981 2161 2498 2368 2396 2642 1926 2038 2512 1939 2132 2304 1987 2176 2519 2502 1970 2289 2529 2143 2101 2026 2419 2133 2235 2472 2390 2652 2062 2280 2243 2544 2007 2274 2438 2518 2268 2479 2603 2075 2259 2222 2473 2249 2003 2379 2599 2110 2417 2522 1941 2221 2252 2189 2501 2415 1954 2177 2572 2571 2163 2232 2325 2432 2367 1913 2530 2355 2155 2096 2029 2226 2525 2543 2345 1923 2185 2031 2637 2480 2568 2305 2065 2413 1718 2610 136 2347 2605 2310 2635 2416 1969 2366 2557 2205 2362 2211 2389 2312 2209 2208 74 2242 2145 1944 1952 2400 2141 2296 2531 2425 2318 2272 2099 1964 2468 2406 2612 2581 2566 2641 2186 2298 2036 2270 2175 1912 2493 1982 2322 2085 2453 2452 2251 1820 2388 2256 2040 287 2048 2100 1974 2214 2632 2182 1915 2401 1965 2540 2116 1975 2066 2160 2291 2503 2265 3801 2197 2277 2113 2313 2041 2080 1988 2455 2248 1977 2523 2497 2474 1930 2459 2361 2008 2314 2231 2114 2514 2173 2130 2288 2412 2403 2371 2651 2162 2440 2360 2628 2091 2126 2120 2424 2009 2358 2317 1922 2397 2015 2640 1973 2107 2286 2230 2236 2443 1936 2082 2228 2448 1972 1934 2427 2577 1985 1999 2342 2587 1978 2119 2534 1921 2350 2260 2217 2618 2580 2656 2341 2049 2565 1960 2411 2023 2035 2070 2639 2644 2488 858 2548 2426 1990 1976 2316 1931 2157 2634 2538 2614 2225 2513 2238 2152 138 2004 1968 2444 2364 2335 2158 2659 2429 2193 2051 2583 1995 2166 2018 2022 2024 2466 2027 2658 2449 2636 2456 2171 2001 2129 2595 2387 2255 2170 2647 2365 2584 2517 2627 2462 2393 2447 2378 1935 1992 1951 1919 2097 2570 1991 2405 2450 2006 2210 2219 2192 2620 2337 2233 2146 2284 2657 2320 1957 2019 2486 2490 2159 2202 2645 2011 2234 2034 1937 2092 2067 2660 2000 2648 1956 2373 2266 2349 2303 1914 2560 1933 1928 2524 2142 2013 1980 2287 2089 2017 2061 2346 2181 1961 1927 2278 2324 2016 2562 1998 2058 2147 2207 2478 2585 2542 2506 2060 2622 692 1949 2551 2402 2489 691 2623 2050 1989 2014 2334 2069 2631 2439 2650 2055 2063 2536 2526 2025 2633 1942 2297 1925 2521 2354 2329 2606 2494 2184 2229 2395 2414 2442 2300 2646 1983 2237 2046 2575 2611 2392 2309 2561 2086 2563 2558 2573 2095 2078 2638 2482 2604 2056 2435 2109 2121 2469 2165 1996 2098 2626 2550 3955 2301 2428 2460 2123 2112 2348 2253 2630 1958 2240 2140 2150 2084 2574 2433 2602 2357 2507 2059 2556 2619 2090 1997 2370 2410 2124 2404 2244 2539 1971 2528 2308 1966 2615 2369 2600 2271 1938 2340 2446 2257 2654 2485 2076 2064 2624 2601 2043 2339 2564 2383 2546 2326 2212 2088 2103 2093 2593 2586 2484 2131 2323 2625 2363 2154 2464 2030 2376 2590 2520 2374 2262 2261 2108 2073 1918 2118 2559 1917 2352 1946 2206 1943 2381 2467 2492 2083 2331 602 2188 2306 2409 2299 2418 2005 2353 2201 2115 2607 2578 2423 2476 2576 1993 2275 2020 1962 1963 2276 2407 1979 2258 2045 2122 2227 147 2033 1984 2545 2430 2591 2621 2104 2505 2037 4022 2532 2552 2164 2172 2220 2021 2139 2499 2495 2218 2216 2579 356 2408 1950 2391 2554 2290 2213 2136 2380 2386 2553 2200 2356 1953 2179 2515 2422 2044 3489 1986 2077 2655 2549 2190 1929 2311 2074 2359 498 2500 2307 2535 911 2504 2477 2454 1924 1599 2842 860 2792 3992 90 2105 2012 3990 157 2613 2527 2281 49 2487 894 870 2245 2195 2375 37 2671 2263 120 2569 1395 2596 
[501-1000]	764	64719	0.041580	2293 2496 2239 2137 2156 2420 2267 2135 2148 2332 2372 2039 2597 2351 2338 2028 2567 2533 1920 2319 2138 2398 2302 2279 2629 2071 2594 2153 2555 2592 2183 2149 2068 2510 1465 2187 1959 2461 2087 2336 2292 2282 2054 2081 2333 2283 2111 1577 2384 2609 2465 2134 2315 547 2042 1994 2653 2643 1948 2053 2047 1932 2191 2196 1955 2194 2516 2330 2052 2010 2458 2508 2385 2144 1945 2180 2649 2032 2224 2463 2582 2127 2598 2247 2241 2254 2072 2436 2491 2273 2125 2589 2199 2327 2169 2617 2377 2509 1940 2343 2102 2588 2511 2203 2151 2471 2328 2547 2250 2128 2223 2002 2451 2295 2264 2616 2057 2294 2537 2434 1916 1947 2174 2117 2475 2246 2285 2344 2198 2399 2215 2608 2394 2445 1981 2161 2498 2368 2396 2642 1926 2038 2512 1939 2132 2304 1987 2176 2519 2502 1970 2289 2529 2143 2101 2026 2419 2133 2235 2472 2390 2652 2062 2280 2243 2544 2007 2274 2438 2518 2268 2479 2603 2075 2259 2222 2473 2249 2003 2379 2599 2110 2417 2522 1941 2221 2252 2189 2501 2415 1954 2177 2572 2571 2163 2232 2325 2432 2367 1913 2530 2355 2155 2096 2029 2226 2525 2543 2345 1923 2185 2031 2637 2480 2568 2305 2065 2413 1718 2610 136 2347 2605 2310 2635 2416 1969 2366 2557 2205 2362 2211 2389 2312 2209 2208 74 2242 2145 1944 1952 2400 2141 2296 2531 2425 2318 2272 2099 1964 2468 2406 2612 2581 2566 2641 2186 2298 2036 2270 2175 1912 2493 1982 2322 2085 2453 2452 2251 1820 2388 2256 2040 287 2048 2100 1974 2214 2632 2182 1915 2401 1965 2540 2116 1975 2066 2160 2291 2503 2265 3801 2197 2277 2113 2313 2041 2080 1988 2455 2248 1977 2523 2497 2474 1930 2459 2361 2008 2314 2231 2114 2514 2173 2130 2288 2412 2403 2371 2651 2162 2440 2360 2628 2091 2126 2120 2424 2009 2358 2317 1922 2397 2015 2640 1973 2107 2286 2230 2236 2443 1936 2082 2228 2448 1972 1934 2427 2577 1985 1999 2342 2587 1978 2119 2534 1921 2350 2260 2217 2618 2580 2656 2341 2049 2565 1960 2411 2023 2035 2070 2639 2644 2488 858 2548 2426 1990 1976 2316 1931 2157 2634 2538 2614 2225 2513 2238 2152 138 2004 1968 2444 2364 2335 2158 2659 2429 2193 2051 2583 1995 2166 2018 2022 2024 2466 2027 2658 2449 2636 2456 2171 2001 2129 2595 2387 2255 2170 2647 2365 2584 2517 2627 2462 2393 2447 2378 1935 1992 1951 1919 2097 2570 1991 2405 2450 2006 2210 2219 2192 2620 2337 2233 2146 2284 2657 2320 1957 2019 2486 2490 2159 2202 2645 2011 2234 2034 1937 2092 2067 2660 2000 2648 1956 2373 2266 2349 2303 1914 2560 1933 1928 2524 2142 2013 1980 2287 2089 2017 2061 2346 2181 1961 1927 2278 2324 2016 2562 1998 2058 2147 2207 2478 2585 2542 2506 2060 2622 692 1949 2551 2402 2489 691 2623 2050 1989 2014 2334 2069 2631 2439 2650 2055 2063 2536 2526 2025 2633 1942 2297 1925 2521 2354 2329 2606 2494 2184 2229 2395 2414 2442 2300 2646 1983 2237 2046 2575 2611 2392 2309 2561 2086 2563 2558 2573 2095 2078 2638 2482 2604 2056 2435 2109 2121 2469 2165 1996 2098 2626 2550 3955 2301 2428 2460 2123 2112 2348 2253 2630 1958 2240 2140 2150 2084 2574 2433 2602 2357 2507 2059 2556 2619 2090 1997 2370 2410 2124 2404 2244 2539 1971 2528 2308 1966 2615 2369 2600 2271 1938 2340 2446 2257 2654 2485 2076 2064 2624 2601 2043 2339 2564 2383 2546 2326 2212 2088 2103 2093 2593 2586 2484 2131 2323 2625 2363 2154 2464 2030 2376 2590 2520 2374 2262 2261 2108 2073 1918 2118 2559 1917 2352 1946 2206 1943 2381 2467 2492 2083 2331 602 2188 2306 2409 2299 2418 2005 2353 2201 2115 2607 2578 2423 2476 2576 1993 2275 2020 1962 1963 2276 2407 1979 2258 2045 2122 2227 147 2033 1984 2545 2430 2591 2621 2104 2505 2037 4022 2532 2552 2164 2172 2220 2021 2139 2499 2495 2218 2216 2579 356 2408 1950 2391 2554 2290 2213 2136 2380 2386 2553 2200 2356 1953 2179 2515 2422 2044 3489 1986 2077 2655 2549 2190 1929 2311 2074 2359 498 2500 2307 2535 911 2504 2477 2454 1924 1599 2842 860 2792 3992 90 2105 2012 3990 157 2613 2527 2281 49 2487 894 870 2245 2195 2375 37 2671 2263 120 2569 1395 
[501-1000]	737	64433	0.041547	2293 2496 2239 2137 2156 2420 2267 2135 2148 2332 2372 2039 2597 2351 2338 2028 2567 2533 1920 2319 2138 2398 2302 2279 2629 2071 2594 2153 2555 2592 2183 2149 2068 2510 1465 2187 1959 2461 2087 2336 2292 2282 2054 2081 2333 2283 2111 1577 2384 2609 2465 2134 2315 547 2042 1994 2653 2643 1948 2053 2047 1932 2191 2196 1955 2194 2516 2330 2052 2010 2458 2508 2385 2144 1945 2180 2649 2032 2224 2463 2582 2127 2598 2247 2241 2254 2072 2436 2491 2273 2125 2589 2199 2327 2169 2617 2377 2509 1940 2343 2102 2588 2511 2203 2151 2471 2328 2547 2250 2128 2223 2002 2451 2295 2264 2616 2057 2294 2537 2434 1916 1947 2174 2117 2475 2246 2285 2344 2198 2399 2215 2608 2394 2445 1981 2161 2498 2368 2396 2642 1926 2038 2512 1939 2132 2304 1987 2176 2519 2502 1970 2289 2529 2143 2101 2026 2419 2133 2235 2472 2390 2652 2062 2280 2243 2544 2007 2274 2438 2518 2268 2479 2603 2075 2259 2222 2473 2249 2003 2379 2599 2110 2417 2522 1941 2221 2252 2189 2501 2415 1954 2177 2572 2571 2163 2232 2325 2432 2367 1913 2530 2355 2155 2096 2029 2226 2525 2543 2345 1923 2185 2031 2637 2480 2568 2305 2065 2413 1718 2610 136 2347 2605 2310 2635 2416 1969 2366 2557 2205 2362 2211 2389 2312 2209 2208 74 2242 2145 1944 1952 2400 2141 2296 2531 2425 2318 2272 2099 1964 2468 2406 2612 2581 2566 2641 2186 2298 2036 2270 2175 1912 2493 1982 2322 2085 2453 2452 2251 1820 2388 2256 2040 287 2048 2100 1974 2214 2632 2182 1915 2401 1965 2540 2116 1975 2066 2160 2291 2503 2265 3801 2197 2277 2113 2313 2041 2080 1988 2455 2248 1977 2523 2497 2474 1930 2459 2361 2008 2314 2231 2114 2514 2173 2130 2288 2412 2403 2371 2651 2162 2440 2360 2628 2091 2126 2120 2424 2009 2358 2317 1922 2397 2015 2640 1973 2107 2286 2230 2236 2443 1936 2082 2228 2448 1972 1934 2427 2577 1985 1999 2342 2587 1978 2119 2534 1921 2350 2260 2217 2618 2580 2656 2341 2049 2565 1960 2411 2023 2035 2070 2639 2644 2488 858 2548 2426 1990 1976 2316 1931 2157 2634 2538 2614 2225 2513 2238 2152 138 2004 1968 2444 2364 2335 2158 2659 2429 2193 2051 2583 1995 2166 2018 2022 2024 2466 2027 2658 2449 2636 2456 2171 2001 2129 2595 2387 2255 2170 2647 2365 2584 2517 2627 2462 2393 2447 2378 1935 1992 1951 1919 2097 2570 1991 2405 2450 2006 2210 2219 2192 2620 2337 2233 2146 2284 2657 2320 1957 2019 2486 2490 2159 2202 2645 2011 2234 2034 1937 2092 2067 2660 2000 2648 1956 2373 2266 2349 2303 1914 2560 1933 1928 2524 2142 2013 1980 2287 2089 2017 2061 2346 2181 1961 1927 2278 2324 2016 2562 1998 2058 2147 2207 2478 2585 2542 2506 2060 2622 692 1949 2551 2402 2489 691 2623 2050 1989 2014 2334 2069 2631 2439 2650 2055 2063 2536 2526 2025 2633 1942 2297 1925 2521 2354 2329 2606 2494 2184 2229 2395 2414 2442 2300 2646 1983 2237 2046 2575 2611 2392 2309 2561 2086 2563 2558 2573 2095 2078 2638 2482 2604 2056 2435 2109 2121 2469 2165 1996 2098 2626 2550 3955 2301 2428 2460 2123 2112 2348 2253 2630 1958 2240 2140 2150 2084 2574 2433 2602 2357 2507 2059 2556 2619 2090 1997 2370 2410 2124 2404 2244 2539 1971 2528 2308 1966 2615 2369 2600 2271 1938 2340 2446 2257 2654 2485 2076 2064 2624 2601 2043 2339 2564 2383 2546 2326 2212 2088 2103 2093 2593 2586 2484 2131 2323 2625 2363 2154 2464 2030 2376 2590 2520 2374 2262 2261 2108 2073 1918 2118 2559 1917 2352 1946 2206 1943 2381 2467 2492 2083 2331 602 2188 2306 2409 2299 2418 2005 2353 2201 2115 2607 2578 2423 2476 2576 1993 2275 2020 1962 1963 2276 2407 1979 2258 2045 2122 2227 147 2033 1984 2545 2430 2591 2621 2104 2505 2037 4022 2532 2552 2164 2172 2220 2021 2139 2499 2495 2218 2216 2579 356 2408 1950 2391 2554 2290 2213 2136 2380 2386 2553 2200 2356 1953 2179 2515 2422 2044 3489 1986 2077 2655 2549 2190 1929 2311 2074 2359 498 2500 2307 2535 911 2504 2477 2454 
[501-1000]	738	64445	0.041539	2293 2496 2239 2137 2156 2420 2267 2135 2148 2332 2372 2039 2597 2351 2338 2028 2567 2533 1920 2319 2138 2398 2302 2279 2629 2071 2594 2153 2555 2592 2183 2149 2068 2510 1465 2187 1959 2461 2087 2336 2292 2282 2054 2081 2333 2283 2111 1577 2384 2609 2465 2134 2315 547 2042 1994 2653 2643 1948 2053 2047 1932 2191 2196 1955 2194 2516 2330 2052 2010 2458 2508 2385 2144 1945 2180 2649 2032 2224 2463 2582 2127 2598 2247 2241 2254 2072 2436 2491 2273 2125 2589 2199 2327 2169 2617 2377 2509 1940 2343 2102 2588 2511 2203 2151 2471 2328 2547 2250 2128 2223 2002 2451 2295 2264 2616 2057 2294 2537 2434 1916 1947 2174 2117 2475 2246 2285 2344 2198 2399 2215 2608 2394 2445 1981 2161 2498 2368 2396 2642 1926 2038 2512 1939 2132 2304 1987 2176 2519 2502 1970 2289 2529 2143 2101 2026 2419 2133 2235 2472 2390 2652 2062 2280 2243 2544 2007 2274 2438 2518 2268 2479 2603 2075 2259 2222 2473 2249 2003 2379 2599 2110 2417 2522 1941 2221 2252 2189 2501 2415 1954 2177 2572 2571 2163 2232 2325 2432 2367 1913 2530 2355 2155 2096 2029 2226 2525 2543 2345 1923 2185 2031 2637 2480 2568 2305 2065 2413 1718 2610 136 2347 2605 2310 2635 2416 1969 2366 2557 2205 2362 2211 2389 2312 2209 2208 74 2242 2145 1944 1952 2400 2141 2296 2531 2425 2318 2272 2099 1964 2468 2406 2612 2581 2566 2641 2186 2298 2036 2270 2175 1912 2493 1982 2322 2085 2453 2452 2251 1820 2388 2256 2040 287 2048 2100 1974 2214 2632 2182 1915 2401 1965 2540 2116 1975 2066 2160 2291 2503 2265 3801 2197 2277 2113 2313 2041 2080 1988 2455 2248 1977 2523 2497 2474 1930 2459 2361 2008 2314 2231 2114 2514 2173 2130 2288 2412 2403 2371 2651 2162 2440 2360 2628 2091 2126 2120 2424 2009 2358 2317 1922 2397 2015 2640 1973 2107 2286 2230 2236 2443 1936 2082 2228 2448 1972 1934 2427 2577 1985 1999 2342 2587 1978 2119 2534 1921 2350 2260 2217 2618 2580 2656 2341 2049 2565 1960 2411 2023 2035 2070 2639 2644 2488 858 2548 2426 1990 1976 2316 1931 2157 2634 2538 2614 2225 2513 2238 2152 138 2004 1968 2444 2364 2335 2158 2659 2429 2193 2051 2583 1995 2166 2018 2022 2024 2466 2027 2658 2449 2636 2456 2171 2001 2129 2595 2387 2255 2170 2647 2365 2584 2517 2627 2462 2393 2447 2378 1935 1992 1951 1919 2097 2570 1991 2405 2450 2006 2210 2219 2192 2620 2337 2233 2146 2284 2657 2320 1957 2019 2486 2490 2159 2202 2645 2011 2234 2034 1937 2092 2067 2660 2000 2648 1956 2373 2266 2349 2303 1914 2560 1933 1928 2524 2142 2013 1980 2287 2089 2017 2061 2346 2181 1961 1927 2278 2324 2016 2562 1998 2058 2147 2207 2478 2585 2542 2506 2060 2622 692 1949 2551 2402 2489 691 2623 2050 1989 2014 2334 2069 2631 2439 2650 2055 2063 2536 2526 2025 2633 1942 2297 1925 2521 2354 2329 2606 2494 2184 2229 2395 2414 2442 2300 2646 1983 2237 2046 2575 2611 2392 2309 2561 2086 2563 2558 2573 2095 2078 2638 2482 2604 2056 2435 2109 2121 2469 2165 1996 2098 2626 2550 3955 2301 2428 2460 2123 2112 2348 2253 2630 1958 2240 2140 2150 2084 2574 2433 2602 2357 2507 2059 2556 2619 2090 1997 2370 2410 2124 2404 2244 2539 1971 2528 2308 1966 2615 2369 2600 2271 1938 2340 2446 2257 2654 2485 2076 2064 2624 2601 2043 2339 2564 2383 2546 2326 2212 2088 2103 2093 2593 2586 2484 2131 2323 2625 2363 2154 2464 2030 2376 2590 2520 2374 2262 2261 2108 2073 1918 2118 2559 1917 2352 1946 2206 1943 2381 2467 2492 2083 2331 602 2188 2306 2409 2299 2418 2005 2353 2201 2115 2607 2578 2423 2476 2576 1993 2275 2020 1962 1963 2276 2407 1979 2258 2045 2122 2227 147 2033 1984 2545 2430 2591 2621 2104 2505 2037 4022 2532 2552 2164 2172 2220 2021 2139 2499 2495 2218 2216 2579 356 2408 1950 2391 2554 2290 2213 2136 2380 2386 2553 2200 2356 1953 2179 2515 2422 2044 3489 1986 2077 2655 2549 2190 1929 2311 2074 2359 498 2500 2307 2535 911 2504 2477 2454 1924 
[501-1000]	762	64710	0.041539	2293 2496 2239 2137 2156 2420 2267 2135 2148 2332 2372 2039 2597 2351 2338 2028 2567 2533 1920 2319 2138 2398 2302 2279 2629 2071 2594 2153 2555 2592 2183 2149 2068 2510 1465 2187 1959 2461 2087 2336 2292 2282 2054 2081 2333 2283 2111 1577 2384 2609 2465 2134 2315 547 2042 1994 2653 2643 1948 2053 2047 1932 2191 2196 1955 2194 2516 2330 2052 2010 2458 2508 2385 2144 1945 2180 2649 2032 2224 2463 2582 2127 2598 2247 2241 2254 2072 2436 2491 2273 2125 2589 2199 2327 2169 2617 2377 2509 1940 2343 2102 2588 2511 2203 2151 2471 2328 2547 2250 2128 2223 2002 2451 2295 2264 2616 2057 2294 2537 2434 1916 1947 2174 2117 2475 2246 2285 2344 2198 2399 2215 2608 2394 2445 1981 2161 2498 2368 2396 2642 1926 2038 2512 1939 2132 2304 1987 2176 2519 2502 1970 2289 2529 2143 2101 2026 2419 2133 2235 2472 2390 2652 2062 2280 2243 2544 2007 2274 2438 2518 2268 2479 2603 2075 2259 2222 2473 2249 2003 2379 2599 2110 2417 2522 1941 2221 2252 2189 2501 2415 1954 2177 2572 2571 2163 2232 2325 2432 2367 1913 2530 2355 2155 2096 2029 2226 2525 2543 2345 1923 2185 2031 2637 2480 2568 2305 2065 2413 1718 2610 136 2347 2605 2310 2635 2416 1969 2366 2557 2205 2362 2211 2389 2312 2209 2208 74 2242 2145 1944 1952 2400 2141 2296 2531 2425 2318 2272 2099 1964 2468 2406 2612 2581 2566 2641 2186 2298 2036 2270 2175 1912 2493 1982 2322 2085 2453 2452 2251 1820 2388 2256 2040 287 2048 2100 1974 2214 2632 2182 1915 2401 1965 2540 2116 1975 2066 2160 2291 2503 2265 3801 2197 2277 2113 2313 2041 2080 1988 2455 2248 1977 2523 2497 2474 1930 2459 2361 2008 2314 2231 2114 2514 2173 2130 2288 2412 2403 2371 2651 2162 2440 2360 2628 2091 2126 2120 2424 2009 2358 2317 1922 2397 2015 2640 1973 2107 2286 2230 2236 2443 1936 2082 2228 2448 1972 1934 2427 2577 1985 1999 2342 2587 1978 2119 2534 1921 2350 2260 2217 2618 2580 2656 2341 2049 2565 1960 2411 2023 2035 2070 2639 2644 2488 858 2548 2426 1990 1976 2316 1931 2157 2634 2538 2614 2225 2513 2238 2152 138 2004 1968 2444 2364 2335 2158 2659 2429 2193 2051 2583 1995 2166 2018 2022 2024 2466 2027 2658 2449 2636 2456 2171 2001 2129 2595 2387 2255 2170 2647 2365 2584 2517 2627 2462 2393 2447 2378 1935 1992 1951 1919 2097 2570 1991 2405 2450 2006 2210 2219 2192 2620 2337 2233 2146 2284 2657 2320 1957 2019 2486 2490 2159 2202 2645 2011 2234 2034 1937 2092 2067 2660 2000 2648 1956 2373 2266 2349 2303 1914 2560 1933 1928 2524 2142 2013 1980 2287 2089 2017 2061 2346 2181 1961 1927 2278 2324 2016 2562 1998 2058 2147 2207 2478 2585 2542 2506 2060 2622 692 1949 2551 2402 2489 691 2623 2050 1989 2014 2334 2069 2631 2439 2650 2055 2063 2536 2526 2025 2633 1942 2297 1925 2521 2354 2329 2606 2494 2184 2229 2395 2414 2442 2300 2646 1983 2237 2046 2575 2611 2392 2309 2561 2086 2563 2558 2573 2095 2078 2638 2482 2604 2056 2435 2109 2121 2469 2165 1996 2098 2626 2550 3955 2301 2428 2460 2123 2112 2348 2253 2630 1958 2240 2140 2150 2084 2574 2433 2602 2357 2507 2059 2556 2619 2090 1997 2370 2410 2124 2404 2244 2539 1971 2528 2308 1966 2615 2369 2600 2271 1938 2340 2446 2257 2654 2485 2076 2064 2624 2601 2043 2339 2564 2383 2546 2326 2212 2088 2103 2093 2593 2586 2484 2131 2323 2625 2363 2154 2464 2030 2376 2590 2520 2374 2262 2261 2108 2073 1918 2118 2559 1917 2352 1946 2206 1943 2381 2467 2492 2083 2331 602 2188 2306 2409 2299 2418 2005 2353 2201 2115 2607 2578 2423 2476 2576 1993 2275 2020 1962 1963 2276 2407 1979 2258 2045 2122 2227 147 2033 1984 2545 2430 2591 2621 2104 2505 2037 4022 2532 2552 2164 2172 2220 2021 2139 2499 2495 2218 2216 2579 356 2408 1950 2391 2554 2290 2213 2136 2380 2386 2553 2200 2356 1953 2179 2515 2422 2044 3489 1986 2077 2655 2549 2190 1929 2311 2074 2359 498 2500 2307 2535 911 2504 2477 2454 1924 1599 2842 860 2792 3992 90 2105 2012 3990 157 2613 2527 2281 49 2487 894 870 2245 2195 2375 37 2671 2263 120 
[501-1000]	763	64714	0.041537	2293 2496 2239 2137 2156 2420 2267 2135 2148 2332 2372 2039 2597 2351 2338 2028 2567 2533 1920 2319 2138 2398 2302 2279 2629 2071 2594 2153 2555 2592 2183 2149 2068 2510 1465 2187 1959 2461 2087 2336 2292 2282 2054 2081 2333 2283 2111 1577 2384 2609 2465 2134 2315 547 2042 1994 2653 2643 1948 2053 2047 1932 2191 2196 1955 2194 2516 2330 2052 2010 2458 2508 2385 2144 1945 2180 2649 2032 2224 2463 2582 2127 2598 2247 2241 2254 2072 2436 2491 2273 2125 2589 2199 2327 2169 2617 2377 2509 1940 2343 2102 2588 2511 2203 2151 2471 2328 2547 2250 2128 2223 2002 2451 2295 2264 2616 2057 2294 2537 2434 1916 1947 2174 2117 2475 2246 2285 2344 2198 2399 2215 2608 2394 2445 1981 2161 2498 2368 2396 2642 1926 2038 2512 1939 2132 2304 1987 2176 2519 2502 1970 2289 2529 2143 2101 2026 2419 2133 2235 2472 2390 2652 2062 2280 2243 2544 2007 2274 2438 2518 2268 2479 2603 2075 2259 2222 2473 2249 2003 2379 2599 2110 2417 2522 1941 2221 2252 2189 2501 2415 1954 2177 2572 2571 2163 2232 2325 2432 2367 1913 2530 2355 2155 2096 2029 2226 2525 2543 2345 1923 2185 2031 2637 2480 2568 2305 2065 2413 1718 2610 136 2347 2605 2310 2635 2416 1969 2366 2557 2205 2362 2211 2389 2312 2209 2208 74 2242 2145 1944 1952 2400 2141 2296 2531 2425 2318 2272 2099 1964 2468 2406 2612 2581 2566 2641 2186 2298 2036 2270 2175 1912 2493 1982 2322 2085 2453 2452 2251 1820 2388 2256 2040 287 2048 2100 1974 2214 2632 2182 1915 2401 1965 2540 2116 1975 2066 2160 2291 2503 2265 3801 2197 2277 2113 2313 2041 2080 1988 2455 2248 1977 2523 2497 2474 1930 2459 2361 2008 2314 2231 2114 2514 2173 2130 2288 2412 2403 2371 2651 2162 2440 2360 2628 2091 2126 2120 2424 2009 2358 2317 1922 2397 2015 2640 1973 2107 2286 2230 2236 2443 1936 2082 2228 2448 1972 1934 2427 2577 1985 1999 2342 2587 1978 2119 2534 1921 2350 2260 2217 2618 2580 2656 2341 2049 2565 1960 2411 2023 2035 2070 2639 2644 2488 858 2548 2426 1990 1976 2316 1931 2157 2634 2538 2614 2225 2513 2238 2152 138 2004 1968 2444 2364 2335 2158 2659 2429 2193 2051 2583 1995 2166 2018 2022 2024 2466 2027 2658 2449 2636 2456 2171 2001 2129 2595 2387 2255 2170 2647 2365 2584 2517 2627 2462 2393 2447 2378 1935 1992 1951 1919 2097 2570 1991 2405 2450 2006 2210 2219 2192 2620 2337 2233 2146 2284 2657 2320 1957 2019 2486 2490 2159 2202 2645 2011 2234 2034 1937 2092 2067 2660 2000 2648 1956 2373 2266 2349 2303 1914 2560 1933 1928 2524 2142 2013 1980 2287 2089 2017 2061 2346 2181 1961 1927 2278 2324 2016 2562 1998 2058 2147 2207 2478 2585 2542 2506 2060 2622 692 1949 2551 2402 2489 691 2623 2050 1989 2014 2334 2069 2631 2439 2650 2055 2063 2536 2526 2025 2633 1942 2297 1925 2521 2354 2329 2606 2494 2184 2229 2395 2414 2442 2300 2646 1983 2237 2046 2575 2611 2392 2309 2561 2086 2563 2558 2573 2095 2078 2638 2482 2604 2056 2435 2109 2121 2469 2165 1996 2098 2626 2550 3955 2301 2428 2460 2123 2112 2348 2253 2630 1958 2240 2140 2150 2084 2574 2433 2602 2357 2507 2059 2556 2619 2090 1997 2370 2410 2124 2404 2244 2539 1971 2528 2308 1966 2615 2369 2600 2271 1938 2340 2446 2257 2654 2485 2076 2064 2624 2601 2043 2339 2564 2383 2546 2326 2212 2088 2103 2093 2593 2586 2484 2131 2323 2625 2363 2154 2464 2030 2376 2590 2520 2374 2262 2261 2108 2073 1918 2118 2559 1917 2352 1946 2206 1943 2381 2467 2492 2083 2331 602 2188 2306 2409 2299 2418 2005 2353 2201 2115 2607 2578 2423 2476 2576 1993 2275 2020 1962 1963 2276 2407 1979 2258 2045 2122 2227 147 2033 1984 2545 2430 2591 2621 2104 2505 2037 4022 2532 2552 2164 2172 2220 2021 2139 2499 2495 2218 2216 2579 356 2408 1950 2391 2554 2290 2213 2136 2380 2386 2553 2200 2356 1953 2179 2515 2422 2044 3489 1986 2077 2655 2549 2190 1929 2311 2074 2359 498 2500 2307 2535 911 2504 2477 2454 1924 1599 2842 860 2792 3992 90 2105 2012 3990 157 2613 2527 2281 49 2487 894 870 2245 2195 2375 37 2671 2263 120 2569 
[501-1000]	760	64691	0.041536	2293 2496 2239 2137 2156 2420 2267 2135 2148 2332 2372 2039 2597 2351 2338 2028 2567 2533 1920 2319 2138 2398 2302 2279 2629 2071 2594 2153 2555 2592 2183 2149 2068 2510 1465 2187 1959 2461 2087 2336 2292 2282 2054 2081 2333 2283 2111 1577 2384 2609 2465 2134 2315 547 2042 1994 2653 2643 1948 2053 2047 1932 2191 2196 1955 2194 2516 2330 2052 2010 2458 2508 2385 2144 1945 2180 2649 2032 2224 2463 2582 2127 2598 2247 2241 2254 2072 2436 2491 2273 2125 2589 2199 2327 2169 2617 2377 2509 1940 2343 2102 2588 2511 2203 2151 2471 2328 2547 2250 2128 2223 2002 2451 2295 2264 2616 2057 2294 2537 2434 1916 1947 2174 2117 2475 2246 2285 2344 2198 2399 2215 2608 2394 2445 1981 2161 2498 2368 2396 2642 1926 2038 2512 1939 2132 2304 1987 2176 2519 2502 1970 2289 2529 2143 2101 2026 2419 2133 2235 2472 2390 2652 2062 2280 2243 2544 2007 2274 2438 2518 2268 2479 2603 2075 2259 2222 2473 2249 2003 2379 2599 2110 2417 2522 1941 2221 2252 2189 2501 2415 1954 2177 2572 2571 2163 2232 2325 2432 2367 1913 2530 2355 2155 2096 2029 2226 2525 2543 2345 1923 2185 2031 2637 2480 2568 2305 2065 2413 1718 2610 136 2347 2605 2310 2635 2416 1969 2366 2557 2205 2362 2211 2389 2312 2209 2208 74 2242 2145 1944 1952 2400 2141 2296 2531 2425 2318 2272 2099 1964 2468 2406 2612 2581 2566 2641 2186 2298 2036 2270 2175 1912 2493 1982 2322 2085 2453 2452 2251 1820 2388 2256 2040 287 2048 2100 1974 2214 2632 2182 1915 2401 1965 2540 2116 1975 2066 2160 2291 2503 2265 3801 2197 2277 2113 2313 2041 2080 1988 2455 2248 1977 2523 2497 2474 1930 2459 2361 2008 2314 2231 2114 2514 2173 2130 2288 2412 2403 2371 2651 2162 2440 2360 2628 2091 2126 2120 2424 2009 2358 2317 1922 2397 2015 2640 1973 2107 2286 2230 2236 2443 1936 2082 2228 2448 1972 1934 2427 2577 1985 1999 2342 2587 1978 2119 2534 1921 2350 2260 2217 2618 2580 2656 2341 2049 2565 1960 2411 2023 2035 2070 2639 2644 2488 858 2548 2426 1990 1976 2316 1931 2157 2634 2538 2614 2225 2513 2238 2152 138 2004 1968 2444 2364 2335 2158 2659 2429 2193 2051 2583 1995 2166 2018 2022 2024 2466 2027 2658 2449 2636 2456 2171 2001 2129 2595 2387 2255 2170 2647 2365 2584 2517 2627 2462 2393 2447 2378 1935 1992 1951 1919 2097 2570 1991 2405 2450 2006 2210 2219 2192 2620 2337 2233 2146 2284 2657 2320 1957 2019 2486 2490 2159 2202 2645 2011 2234 2034 1937 2092 2067 2660 2000 2648 1956 2373 2266 2349 2303 1914 2560 1933 1928 2524 2142 2013 1980 2287 2089 2017 2061 2346 2181 1961 1927 2278 2324 2016 2562 1998 2058 2147 2207 2478 2585 2542 2506 2060 2622 692 1949 2551 2402 2489 691 2623 2050 1989 2014 2334 2069 2631 2439 2650 2055 2063 2536 2526 2025 2633 1942 2297 1925 2521 2354 2329 2606 2494 2184 2229 2395 2414 2442 2300 2646 1983 2237 2046 2575 2611 2392 2309 2561 2086 2563 2558 2573 2095 2078 2638 2482 2604 2056 2435 2109 2121 2469 2165 1996 2098 2626 2550 3955 2301 2428 2460 2123 2112 2348 2253 2630 1958 2240 2140 2150 2084 2574 2433 2602 2357 2507 2059 2556 2619 2090 1997 2370 2410 2124 2404 2244 2539 1971 2528 2308 1966 2615 2369 2600 2271 1938 2340 2446 2257 2654 2485 2076 2064 2624 2601 2043 2339 2564 2383 2546 2326 2212 2088 2103 2093 2593 2586 2484 2131 2323 2625 2363 2154 2464 2030 2376 2590 2520 2374 2262 2261 2108 2073 1918 2118 2559 1917 2352 1946 2206 1943 2381 2467 2492 2083 2331 602 2188 2306 2409 2299 2418 2005 2353 2201 2115 2607 2578 2423 2476 2576 1993 2275 2020 1962 1963 2276 2407 1979 2258 2045 2122 2227 147 2033 1984 2545 2430 2591 2621 2104 2505 2037 4022 2532 2552 2164 2172 2220 2021 2139 2499 2495 2218 2216 2579 356 2408 1950 2391 2554 2290 2213 2136 2380 2386 2553 2200 2356 1953 2179 2515 2422 2044 3489 1986 2077 2655 2549 2190 1929 2311 2074 2359 498 2500 2307 2535 911 2504 2477 2454 1924 1599 2842 860 2792 3992 90 2105 2012 3990 157 2613 2527 2281 49 2487 894 870 2245 2195 2375 37 2671 
[501-1000]	755	64643	0.041505	2293 2496 2239 2137 2156 2420 2267 2135 2148 2332 2372 2039 2597 2351 2338 2028 2567 2533 1920 2319 2138 2398 2302 2279 2629 2071 2594 2153 2555 2592 2183 2149 2068 2510 1465 2187 1959 2461 2087 2336 2292 2282 2054 2081 2333 2283 2111 1577 2384 2609 2465 2134 2315 547 2042 1994 2653 2643 1948 2053 2047 1932 2191 2196 1955 2194 2516 2330 2052 2010 2458 2508 2385 2144 1945 2180 2649 2032 2224 2463 2582 2127 2598 2247 2241 2254 2072 2436 2491 2273 2125 2589 2199 2327 2169 2617 2377 2509 1940 2343 2102 2588 2511 2203 2151 2471 2328 2547 2250 2128 2223 2002 2451 2295 2264 2616 2057 2294 2537 2434 1916 1947 2174 2117 2475 2246 2285 2344 2198 2399 2215 2608 2394 2445 1981 2161 2498 2368 2396 2642 1926 2038 2512 1939 2132 2304 1987 2176 2519 2502 1970 2289 2529 2143 2101 2026 2419 2133 2235 2472 2390 2652 2062 2280 2243 2544 2007 2274 2438 2518 2268 2479 2603 2075 2259 2222 2473 2249 2003 2379 2599 2110 2417 2522 1941 2221 2252 2189 2501 2415 1954 2177 2572 2571 2163 2232 2325 2432 2367 1913 2530 2355 2155 2096 2029 2226 2525 2543 2345 1923 2185 2031 2637 2480 2568 2305 2065 2413 1718 2610 136 2347 2605 2310 2635 2416 1969 2366 2557 2205 2362 2211 2389 2312 2209 2208 74 2242 2145 1944 1952 2400 2141 2296 2531 2425 2318 2272 2099 1964 2468 2406 2612 2581 2566 2641 2186 2298 2036 2270 2175 1912 2493 1982 2322 2085 2453 2452 2251 1820 2388 2256 2040 287 2048 2100 1974 2214 2632 2182 1915 2401 1965 2540 2116 1975 2066 2160 2291 2503 2265 3801 2197 2277 2113 2313 2041 2080 1988 2455 2248 1977 2523 2497 2474 1930 2459 2361 2008 2314 2231 2114 2514 2173 2130 2288 2412 2403 2371 2651 2162 2440 2360 2628 2091 2126 2120 2424 2009 2358 2317 1922 2397 2015 2640 1973 2107 2286 2230 2236 2443 1936 2082 2228 2448 1972 1934 2427 2577 1985 1999 2342 2587 1978 2119 2534 1921 2350 2260 2217 2618 2580 2656 2341 2049 2565 1960 2411 2023 2035 2070 2639 2644 2488 858 2548 2426 1990 1976 2316 1931 2157 2634 2538 2614 2225 2513 2238 2152 138 2004 1968 2444 2364 2335 2158 2659 2429 2193 2051 2583 1995 2166 2018 2022 2024 2466 2027 2658 2449 2636 2456 2171 2001 2129 2595 2387 2255 2170 2647 2365 2584 2517 2627 2462 2393 2447 2378 1935 1992 1951 1919 2097 2570 1991 2405 2450 2006 2210 2219 2192 2620 2337 2233 2146 2284 2657 2320 1957 2019 2486 2490 2159 2202 2645 2011 2234 2034 1937 2092 2067 2660 2000 2648 1956 2373 2266 2349 2303 1914 2560 1933 1928 2524 2142 2013 1980 2287 2089 2017 2061 2346 2181 1961 1927 2278 2324 2016 2562 1998 2058 2147 2207 2478 2585 2542 2506 2060 2622 692 1949 2551 2402 2489 691 2623 2050 1989 2014 2334 2069 2631 2439 2650 2055 2063 2536 2526 2025 2633 1942 2297 1925 2521 2354 2329 2606 2494 2184 2229 2395 2414 2442 2300 2646 1983 2237 2046 2575 2611 2392 2309 2561 2086 2563 2558 2573 2095 2078 2638 2482 2604 2056 2435 2109 2121 2469 2165 1996 2098 2626 2550 3955 2301 2428 2460 2123 2112 2348 2253 2630 1958 2240 2140 2150 2084 2574 2433 2602 2357 2507 2059 2556 2619 2090 1997 2370 2410 2124 2404 2244 2539 1971 2528 2308 1966 2615 2369 2600 2271 1938 2340 2446 2257 2654 2485 2076 2064 2624 2601 2043 2339 2564 2383 2546 2326 2212 2088 2103 2093 2593 2586 2484 2131 2323 2625 2363 2154 2464 2030 2376 2590 2520 2374 2262 2261 2108 2073 1918 2118 2559 1917 2352 1946 2206 1943 2381 2467 2492 2083 2331 602 2188 2306 2409 2299 2418 2005 2353 2201 2115 2607 2578 2423 2476 2576 1993 2275 2020 1962 1963 2276 2407 1979 2258 2045 2122 2227 147 2033 1984 2545 2430 2591 2621 2104 2505 2037 4022 2532 2552 2164 2172 2220 2021 2139 2499 2495 2218 2216 2579 356 2408 1950 2391 2554 2290 2213 2136 2380 2386 2553 2200 2356 1953 2179 2515 2422 2044 3489 1986 2077 2655 2549 2190 1929 2311 2074 2359 498 2500 2307 2535 911 2504 2477 2454 1924 1599 2842 860 2792 3992 90 2105 2012 3990 157 2613 2527 2281 49 2487 894 870 
[501-1000]	761	64701	0.041499	2293 2496 2239 2137 2156 2420 2267 2135 2148 2332 2372 2039 2597 2351 2338 2028 2567 2533 1920 2319 2138 2398 2302 2279 2629 2071 2594 2153 2555 2592 2183 2149 2068 2510 1465 2187 1959 2461 2087 2336 2292 2282 2054 2081 2333 2283 2111 1577 2384 2609 2465 2134 2315 547 2042 1994 2653 2643 1948 2053 2047 1932 2191 2196 1955 2194 2516 2330 2052 2010 2458 2508 2385 2144 1945 2180 2649 2032 2224 2463 2582 2127 2598 2247 2241 2254 2072 2436 2491 2273 2125 2589 2199 2327 2169 2617 2377 2509 1940 2343 2102 2588 2511 2203 2151 2471 2328 2547 2250 2128 2223 2002 2451 2295 2264 2616 2057 2294 2537 2434 1916 1947 2174 2117 2475 2246 2285 2344 2198 2399 2215 2608 2394 2445 1981 2161 2498 2368 2396 2642 1926 2038 2512 1939 2132 2304 1987 2176 2519 2502 1970 2289 2529 2143 2101 2026 2419 2133 2235 2472 2390 2652 2062 2280 2243 2544 2007 2274 2438 2518 2268 2479 2603 2075 2259 2222 2473 2249 2003 2379 2599 2110 2417 2522 1941 2221 2252 2189 2501 2415 1954 2177 2572 2571 2163 2232 2325 2432 2367 1913 2530 2355 2155 2096 2029 2226 2525 2543 2345 1923 2185 2031 2637 2480 2568 2305 2065 2413 1718 2610 136 2347 2605 2310 2635 2416 1969 2366 2557 2205 2362 2211 2389 2312 2209 2208 74 2242 2145 1944 1952 2400 2141 2296 2531 2425 2318 2272 2099 1964 2468 2406 2612 2581 2566 2641 2186 2298 2036 2270 2175 1912 2493 1982 2322 2085 2453 2452 2251 1820 2388 2256 2040 287 2048 2100 1974 2214 2632 2182 1915 2401 1965 2540 2116 1975 2066 2160 2291 2503 2265 3801 2197 2277 2113 2313 2041 2080 1988 2455 2248 1977 2523 2497 2474 1930 2459 2361 2008 2314 2231 2114 2514 2173 2130 2288 2412 2403 2371 2651 2162 2440 2360 2628 2091 2126 2120 2424 2009 2358 2317 1922 2397 2015 2640 1973 2107 2286 2230 2236 2443 1936 2082 2228 2448 1972 1934 2427 2577 1985 1999 2342 2587 1978 2119 2534 1921 2350 2260 2217 2618 2580 2656 2341 2049 2565 1960 2411 2023 2035 2070 2639 2644 2488 858 2548 2426 1990 1976 2316 1931 2157 2634 2538 2614 2225 2513 2238 2152 138 2004 1968 2444 2364 2335 2158 2659 2429 2193 2051 2583 1995 2166 2018 2022 2024 2466 2027 2658 2449 2636 2456 2171 2001 2129 2595 2387 2255 2170 2647 2365 2584 2517 2627 2462 2393 2447 2378 1935 1992 1951 1919 2097 2570 1991 2405 2450 2006 2210 2219 2192 2620 2337 2233 2146 2284 2657 2320 1957 2019 2486 2490 2159 2202 2645 2011 2234 2034 1937 2092 2067 2660 2000 2648 1956 2373 2266 2349 2303 1914 2560 1933 1928 2524 2142 2013 1980 2287 2089 2017 2061 2346 2181 1961 1927 2278 2324 2016 2562 1998 2058 2147 2207 2478 2585 2542 2506 2060 2622 692 1949 2551 2402 2489 691 2623 2050 1989 2014 2334 2069 2631 2439 2650 2055 2063 2536 2526 2025 2633 1942 2297 1925 2521 2354 2329 2606 2494 2184 2229 2395 2414 2442 2300 2646 1983 2237 2046 2575 2611 2392 2309 2561 2086 2563 2558 2573 2095 2078 2638 2482 2604 2056 2435 2109 2121 2469 2165 1996 2098 2626 2550 3955 2301 2428 2460 2123 2112 2348 2253 2630 1958 2240 2140 2150 2084 2574 2433 2602 2357 2507 2059 2556 2619 2090 1997 2370 2410 2124 2404 2244 2539 1971 2528 2308 1966 2615 2369 2600 2271 1938 2340 2446 2257 2654 2485 2076 2064 2624 2601 2043 2339 2564 2383 2546 2326 2212 2088 2103 2093 2593 2586 2484 2131 2323 2625 2363 2154 2464 2030 2376 2590 2520 2374 2262 2261 2108 2073 1918 2118 2559 1917 2352 1946 2206 1943 2381 2467 2492 2083 2331 602 2188 2306 2409 2299 2418 2005 2353 2201 2115 2607 2578 2423 2476 2576 1993 2275 2020 1962 1963 2276 2407 1979 2258 2045 2122 2227 147 2033 1984 2545 2430 2591 2621 2104 2505 2037 4022 2532 2552 2164 2172 2220 2021 2139 2499 2495 2218 2216 2579 356 2408 1950 2391 2554 2290 2213 2136 2380 2386 2553 2200 2356 1953 2179 2515 2422 2044 3489 1986 2077 2655 2549 2190 1929 2311 2074 2359 498 2500 2307 2535 911 2504 2477 2454 1924 1599 2842 860 2792 3992 90 2105 2012 3990 157 2613 2527 2281 49 2487 894 870 2245 2195 2375 37 2671 2263 
[501-1000]	759	64679	0.041482	2293 2496 2239 2137 2156 2420 2267 2135 2148 2332 2372 2039 2597 2351 2338 2028 2567 2533 1920 2319 2138 2398 2302 2279 2629 2071 2594 2153 2555 2592 2183 2149 2068 2510 1465 2187 1959 2461 2087 2336 2292 2282 2054 2081 2333 2283 2111 1577 2384 2609 2465 2134 2315 547 2042 1994 2653 2643 1948 2053 2047 1932 2191 2196 1955 2194 2516 2330 2052 2010 2458 2508 2385 2144 1945 2180 2649 2032 2224 2463 2582 2127 2598 2247 2241 2254 2072 2436 2491 2273 2125 2589 2199 2327 2169 2617 2377 2509 1940 2343 2102 2588 2511 2203 2151 2471 2328 2547 2250 2128 2223 2002 2451 2295 2264 2616 2057 2294 2537 2434 1916 1947 2174 2117 2475 2246 2285 2344 2198 2399 2215 2608 2394 2445 1981 2161 2498 2368 2396 2642 1926 2038 2512 1939 2132 2304 1987 2176 2519 2502 1970 2289 2529 2143 2101 2026 2419 2133 2235 2472 2390 2652 2062 2280 2243 2544 2007 2274 2438 2518 2268 2479 2603 2075 2259 2222 2473 2249 2003 2379 2599 2110 2417 2522 1941 2221 2252 2189 2501 2415 1954 2177 2572 2571 2163 2232 2325 2432 2367 1913 2530 2355 2155 2096 2029 2226 2525 2543 2345 1923 2185 2031 2637 2480 2568 2305 2065 2413 1718 2610 136 2347 2605 2310 2635 2416 1969 2366 2557 2205 2362 2211 2389 2312 2209 2208 74 2242 2145 1944 1952 2400 2141 2296 2531 2425 2318 2272 2099 1964 2468 2406 2612 2581 2566 2641 2186 2298 2036 2270 2175 1912 2493 1982 2322 2085 2453 2452 2251 1820 2388 2256 2040 287 2048 2100 1974 2214 2632 2182 1915 2401 1965 2540 2116 1975 2066 2160 2291 2503 2265 3801 2197 2277 2113 2313 2041 2080 1988 2455 2248 1977 2523 2497 2474 1930 2459 2361 2008 2314 2231 2114 2514 2173 2130 2288 2412 2403 2371 2651 2162 2440 2360 2628 2091 2126 2120 2424 2009 2358 2317 1922 2397 2015 2640 1973 2107 2286 2230 2236 2443 1936 2082 2228 2448 1972 1934 2427 2577 1985 1999 2342 2587 1978 2119 2534 1921 2350 2260 2217 2618 2580 2656 2341 2049 2565 1960 2411 2023 2035 2070 2639 2644 2488 858 2548 2426 1990 1976 2316 1931 2157 2634 2538 2614 2225 2513 2238 2152 138 2004 1968 2444 2364 2335 2158 2659 2429 2193 2051 2583 1995 2166 2018 2022 2024 2466 2027 2658 2449 2636 2456 2171 2001 2129 2595 2387 2255 2170 2647 2365 2584 2517 2627 2462 2393 2447 2378 1935 1992 1951 1919 2097 2570 1991 2405 2450 2006 2210 2219 2192 2620 2337 2233 2146 2284 2657 2320 1957 2019 2486 2490 2159 2202 2645 2011 2234 2034 1937 2092 2067 2660 2000 2648 1956 2373 2266 2349 2303 1914 2560 1933 1928 2524 2142 2013 1980 2287 2089 2017 2061 2346 2181 1961 1927 2278 2324 2016 2562 1998 2058 2147 2207 2478 2585 2542 2506 2060 2622 692 1949 2551 2402 2489 691 2623 2050 1989 2014 2334 2069 2631 2439 2650 2055 2063 2536 2526 2025 2633 1942 2297 1925 2521 2354 2329 2606 2494 2184 2229 2395 2414 2442 2300 2646 1983 2237 2046 2575 2611 2392 2309 2561 2086 2563 2558 2573 2095 2078 2638 2482 2604 2056 2435 2109 2121 2469 2165 1996 2098 2626 2550 3955 2301 2428 2460 2123 2112 2348 2253 2630 1958 2240 2140 2150 2084 2574 2433 2602 2357 2507 2059 2556 2619 2090 1997 2370 2410 2124 2404 2244 2539 1971 2528 2308 1966 2615 2369 2600 2271 1938 2340 2446 2257 2654 2485 2076 2064 2624 2601 2043 2339 2564 2383 2546 2326 2212 2088 2103 2093 2593 2586 2484 2131 2323 2625 2363 2154 2464 2030 2376 2590 2520 2374 2262 2261 2108 2073 1918 2118 2559 1917 2352 1946 2206 1943 2381 2467 2492 2083 2331 602 2188 2306 2409 2299 2418 2005 2353 2201 2115 2607 2578 2423 2476 2576 1993 2275 2020 1962 1963 2276 2407 1979 2258 2045 2122 2227 147 2033 1984 2545 2430 2591 2621 2104 2505 2037 4022 2532 2552 2164 2172 2220 2021 2139 2499 2495 2218 2216 2579 356 2408 1950 2391 2554 2290 2213 2136 2380 2386 2553 2200 2356 1953 2179 2515 2422 2044 3489 1986 2077 2655 2549 2190 1929 2311 2074 2359 498 2500 2307 2535 911 2504 2477 2454 1924 1599 2842 860 2792 3992 90 2105 2012 3990 157 2613 2527 2281 49 2487 894 870 2245 2195 2375 37 
[501-1000]	756	64656	0.041481	2293 2496 2239 2137 2156 2420 2267 2135 2148 2332 2372 2039 2597 2351 2338 2028 2567 2533 1920 2319 2138 2398 2302 2279 2629 2071 2594 2153 2555 2592 2183 2149 2068 2510 1465 2187 1959 2461 2087 2336 2292 2282 2054 2081 2333 2283 2111 1577 2384 2609 2465 2134 2315 547 2042 1994 2653 2643 1948 2053 2047 1932 2191 2196 1955 2194 2516 2330 2052 2010 2458 2508 2385 2144 1945 2180 2649 2032 2224 2463 2582 2127 2598 2247 2241 2254 2072 2436 2491 2273 2125 2589 2199 2327 2169 2617 2377 2509 1940 2343 2102 2588 2511 2203 2151 2471 2328 2547 2250 2128 2223 2002 2451 2295 2264 2616 2057 2294 2537 2434 1916 1947 2174 2117 2475 2246 2285 2344 2198 2399 2215 2608 2394 2445 1981 2161 2498 2368 2396 2642 1926 2038 2512 1939 2132 2304 1987 2176 2519 2502 1970 2289 2529 2143 2101 2026 2419 2133 2235 2472 2390 2652 2062 2280 2243 2544 2007 2274 2438 2518 2268 2479 2603 2075 2259 2222 2473 2249 2003 2379 2599 2110 2417 2522 1941 2221 2252 2189 2501 2415 1954 2177 2572 2571 2163 2232 2325 2432 2367 1913 2530 2355 2155 2096 2029 2226 2525 2543 2345 1923 2185 2031 2637 2480 2568 2305 2065 2413 1718 2610 136 2347 2605 2310 2635 2416 1969 2366 2557 2205 2362 2211 2389 2312 2209 2208 74 2242 2145 1944 1952 2400 2141 2296 2531 2425 2318 2272 2099 1964 2468 2406 2612 2581 2566 2641 2186 2298 2036 2270 2175 1912 2493 1982 2322 2085 2453 2452 2251 1820 2388 2256 2040 287 2048 2100 1974 2214 2632 2182 1915 2401 1965 2540 2116 1975 2066 2160 2291 2503 2265 3801 2197 2277 2113 2313 2041 2080 1988 2455 2248 1977 2523 2497 2474 1930 2459 2361 2008 2314 2231 2114 2514 2173 2130 2288 2412 2403 2371 2651 2162 2440 2360 2628 2091 2126 2120 2424 2009 2358 2317 1922 2397 2015 2640 1973 2107 2286 2230 2236 2443 1936 2082 2228 2448 1972 1934 2427 2577 1985 1999 2342 2587 1978 2119 2534 1921 2350 2260 2217 2618 2580 2656 2341 2049 2565 1960 2411 2023 2035 2070 2639 2644 2488 858 2548 2426 1990 1976 2316 1931 2157 2634 2538 2614 2225 2513 2238 2152 138 2004 1968 2444 2364 2335 2158 2659 2429 2193 2051 2583 1995 2166 2018 2022 2024 2466 2027 2658 2449 2636 2456 2171 2001 2129 2595 2387 2255 2170 2647 2365 2584 2517 2627 2462 2393 2447 2378 1935 1992 1951 1919 2097 2570 1991 2405 2450 2006 2210 2219 2192 2620 2337 2233 2146 2284 2657 2320 1957 2019 2486 2490 2159 2202 2645 2011 2234 2034 1937 2092 2067 2660 2000 2648 1956 2373 2266 2349 2303 1914 2560 1933 1928 2524 2142 2013 1980 2287 2089 2017 2061 2346 2181 1961 1927 2278 2324 2016 2562 1998 2058 2147 2207 2478 2585 2542 2506 2060 2622 692 1949 2551 2402 2489 691 2623 2050 1989 2014 2334 2069 2631 2439 2650 2055 2063 2536 2526 2025 2633 1942 2297 1925 2521 2354 2329 2606 2494 2184 2229 2395 2414 2442 2300 2646 1983 2237 2046 2575 2611 2392 2309 2561 2086 2563 2558 2573 2095 2078 2638 2482 2604 2056 2435 2109 2121 2469 2165 1996 2098 2626 2550 3955 2301 2428 2460 2123 2112 2348 2253 2630 1958 2240 2140 2150 2084 2574 2433 2602 2357 2507 2059 2556 2619 2090 1997 2370 2410 2124 2404 2244 2539 1971 2528 2308 1966 2615 2369 2600 2271 1938 2340 2446 2257 2654 2485 2076 2064 2624 2601 2043 2339 2564 2383 2546 2326 2212 2088 2103 2093 2593 2586 2484 2131 2323 2625 2363 2154 2464 2030 2376 2590 2520 2374 2262 2261 2108 2073 1918 2118 2559 1917 2352 1946 2206 1943 2381 2467 2492 2083 2331 602 2188 2306 2409 2299 2418 2005 2353 2201 2115 2607 2578 2423 2476 2576 1993 2275 2020 1962 1963 2276 2407 1979 2258 2045 2122 2227 147 2033 1984 2545 2430 2591 2621 2104 2505 2037 4022 2532 2552 2164 2172 2220 2021 2139 2499 2495 2218 2216 2579 356 2408 1950 2391 2554 2290 2213 2136 2380 2386 2553 2200 2356 1953 2179 2515 2422 2044 3489 1986 2077 2655 2549 2190 1929 2311 2074 2359 498 2500 2307 2535 911 2504 2477 2454 1924 1599 2842 860 2792 3992 90 2105 2012 3990 157 2613 2527 2281 49 2487 894 870 2245 
[501-1000]	757	64662	0.041477	2293 2496 2239 2137 2156 2420 2267 2135 2148 2332 2372 2039 2597 2351 2338 2028 2567 2533 1920 2319 2138 2398 2302 2279 2629 2071 2594 2153 2555 2592 2183 2149 2068 2510 1465 2187 1959 2461 2087 2336 2292 2282 2054 2081 2333 2283 2111 1577 2384 2609 2465 2134 2315 547 2042 1994 2653 2643 1948 2053 2047 1932 2191 2196 1955 2194 2516 2330 2052 2010 2458 2508 2385 2144 1945 2180 2649 2032 2224 2463 2582 2127 2598 2247 2241 2254 2072 2436 2491 2273 2125 2589 2199 2327 2169 2617 2377 2509 1940 2343 2102 2588 2511 2203 2151 2471 2328 2547 2250 2128 2223 2002 2451 2295 2264 2616 2057 2294 2537 2434 1916 1947 2174 2117 2475 2246 2285 2344 2198 2399 2215 2608 2394 2445 1981 2161 2498 2368 2396 2642 1926 2038 2512 1939 2132 2304 1987 2176 2519 2502 1970 2289 2529 2143 2101 2026 2419 2133 2235 2472 2390 2652 2062 2280 2243 2544 2007 2274 2438 2518 2268 2479 2603 2075 2259 2222 2473 2249 2003 2379 2599 2110 2417 2522 1941 2221 2252 2189 2501 2415 1954 2177 2572 2571 2163 2232 2325 2432 2367 1913 2530 2355 2155 2096 2029 2226 2525 2543 2345 1923 2185 2031 2637 2480 2568 2305 2065 2413 1718 2610 136 2347 2605 2310 2635 2416 1969 2366 2557 2205 2362 2211 2389 2312 2209 2208 74 2242 2145 1944 1952 2400 2141 2296 2531 2425 2318 2272 2099 1964 2468 2406 2612 2581 2566 2641 2186 2298 2036 2270 2175 1912 2493 1982 2322 2085 2453 2452 2251 1820 2388 2256 2040 287 2048 2100 1974 2214 2632 2182 1915 2401 1965 2540 2116 1975 2066 2160 2291 2503 2265 3801 2197 2277 2113 2313 2041 2080 1988 2455 2248 1977 2523 2497 2474 1930 2459 2361 2008 2314 2231 2114 2514 2173 2130 2288 2412 2403 2371 2651 2162 2440 2360 2628 2091 2126 2120 2424 2009 2358 2317 1922 2397 2015 2640 1973 2107 2286 2230 2236 2443 1936 2082 2228 2448 1972 1934 2427 2577 1985 1999 2342 2587 1978 2119 2534 1921 2350 2260 2217 2618 2580 2656 2341 2049 2565 1960 2411 2023 2035 2070 2639 2644 2488 858 2548 2426 1990 1976 2316 1931 2157 2634 2538 2614 2225 2513 2238 2152 138 2004 1968 2444 2364 2335 2158 2659 2429 2193 2051 2583 1995 2166 2018 2022 2024 2466 2027 2658 2449 2636 2456 2171 2001 2129 2595 2387 2255 2170 2647 2365 2584 2517 2627 2462 2393 2447 2378 1935 1992 1951 1919 2097 2570 1991 2405 2450 2006 2210 2219 2192 2620 2337 2233 2146 2284 2657 2320 1957 2019 2486 2490 2159 2202 2645 2011 2234 2034 1937 2092 2067 2660 2000 2648 1956 2373 2266 2349 2303 1914 2560 1933 1928 2524 2142 2013 1980 2287 2089 2017 2061 2346 2181 1961 1927 2278 2324 2016 2562 1998 2058 2147 2207 2478 2585 2542 2506 2060 2622 692 1949 2551 2402 2489 691 2623 2050 1989 2014 2334 2069 2631 2439 2650 2055 2063 2536 2526 2025 2633 1942 2297 1925 2521 2354 2329 2606 2494 2184 2229 2395 2414 2442 2300 2646 1983 2237 2046 2575 2611 2392 2309 2561 2086 2563 2558 2573 2095 2078 2638 2482 2604 2056 2435 2109 2121 2469 2165 1996 2098 2626 2550 3955 2301 2428 2460 2123 2112 2348 2253 2630 1958 2240 2140 2150 2084 2574 2433 2602 2357 2507 2059 2556 2619 2090 1997 2370 2410 2124 2404 2244 2539 1971 2528 2308 1966 2615 2369 2600 2271 1938 2340 2446 2257 2654 2485 2076 2064 2624 2601 2043 2339 2564 2383 2546 2326 2212 2088 2103 2093 2593 2586 2484 2131 2323 2625 2363 2154 2464 2030 2376 2590 2520 2374 2262 2261 2108 2073 1918 2118 2559 1917 2352 1946 2206 1943 2381 2467 2492 2083 2331 602 2188 2306 2409 2299 2418 2005 2353 2201 2115 2607 2578 2423 2476 2576 1993 2275 2020 1962 1963 2276 2407 1979 2258 2045 2122 2227 147 2033 1984 2545 2430 2591 2621 2104 2505 2037 4022 2532 2552 2164 2172 2220 2021 2139 2499 2495 2218 2216 2579 356 2408 1950 2391 2554 2290 2213 2136 2380 2386 2553 2200 2356 1953 2179 2515 2422 2044 3489 1986 2077 2655 2549 2190 1929 2311 2074 2359 498 2500 2307 2535 911 2504 2477 2454 1924 1599 2842 860 2792 3992 90 2105 2012 3990 157 2613 2527 2281 49 2487 894 870 2245 2195 
[501-1000]	754	64632	0.041466	2293 2496 2239 2137 2156 2420 2267 2135 2148 2332 2372 2039 2597 2351 2338 2028 2567 2533 1920 2319 2138 2398 2302 2279 2629 2071 2594 2153 2555 2592 2183 2149 2068 2510 1465 2187 1959 2461 2087 2336 2292 2282 2054 2081 2333 2283 2111 1577 2384 2609 2465 2134 2315 547 2042 1994 2653 2643 1948 2053 2047 1932 2191 2196 1955 2194 2516 2330 2052 2010 2458 2508 2385 2144 1945 2180 2649 2032 2224 2463 2582 2127 2598 2247 2241 2254 2072 2436 2491 2273 2125 2589 2199 2327 2169 2617 2377 2509 1940 2343 2102 2588 2511 2203 2151 2471 2328 2547 2250 2128 2223 2002 2451 2295 2264 2616 2057 2294 2537 2434 1916 1947 2174 2117 2475 2246 2285 2344 2198 2399 2215 2608 2394 2445 1981 2161 2498 2368 2396 2642 1926 2038 2512 1939 2132 2304 1987 2176 2519 2502 1970 2289 2529 2143 2101 2026 2419 2133 2235 2472 2390 2652 2062 2280 2243 2544 2007 2274 2438 2518 2268 2479 2603 2075 2259 2222 2473 2249 2003 2379 2599 2110 2417 2522 1941 2221 2252 2189 2501 2415 1954 2177 2572 2571 2163 2232 2325 2432 2367 1913 2530 2355 2155 2096 2029 2226 2525 2543 2345 1923 2185 2031 2637 2480 2568 2305 2065 2413 1718 2610 136 2347 2605 2310 2635 2416 1969 2366 2557 2205 2362 2211 2389 2312 2209 2208 74 2242 2145 1944 1952 2400 2141 2296 2531 2425 2318 2272 2099 1964 2468 2406 2612 2581 2566 2641 2186 2298 2036 2270 2175 1912 2493 1982 2322 2085 2453 2452 2251 1820 2388 2256 2040 287 2048 2100 1974 2214 2632 2182 1915 2401 1965 2540 2116 1975 2066 2160 2291 2503 2265 3801 2197 2277 2113 2313 2041 2080 1988 2455 2248 1977 2523 2497 2474 1930 2459 2361 2008 2314 2231 2114 2514 2173 2130 2288 2412 2403 2371 2651 2162 2440 2360 2628 2091 2126 2120 2424 2009 2358 2317 1922 2397 2015 2640 1973 2107 2286 2230 2236 2443 1936 2082 2228 2448 1972 1934 2427 2577 1985 1999 2342 2587 1978 2119 2534 1921 2350 2260 2217 2618 2580 2656 2341 2049 2565 1960 2411 2023 2035 2070 2639 2644 2488 858 2548 2426 1990 1976 2316 1931 2157 2634 2538 2614 2225 2513 2238 2152 138 2004 1968 2444 2364 2335 2158 2659 2429 2193 2051 2583 1995 2166 2018 2022 2024 2466 2027 2658 2449 2636 2456 2171 2001 2129 2595 2387 2255 2170 2647 2365 2584 2517 2627 2462 2393 2447 2378 1935 1992 1951 1919 2097 2570 1991 2405 2450 2006 2210 2219 2192 2620 2337 2233 2146 2284 2657 2320 1957 2019 2486 2490 2159 2202 2645 2011 2234 2034 1937 2092 2067 2660 2000 2648 1956 2373 2266 2349 2303 1914 2560 1933 1928 2524 2142 2013 1980 2287 2089 2017 2061 2346 2181 1961 1927 2278 2324 2016 2562 1998 2058 2147 2207 2478 2585 2542 2506 2060 2622 692 1949 2551 2402 2489 691 2623 2050 1989 2014 2334 2069 2631 2439 2650 2055 2063 2536 2526 2025 2633 1942 2297 1925 2521 2354 2329 2606 2494 2184 2229 2395 2414 2442 2300 2646 1983 2237 2046 2575 2611 2392 2309 2561 2086 2563 2558 2573 2095 2078 2638 2482 2604 2056 2435 2109 2121 2469 2165 1996 2098 2626 2550 3955 2301 2428 2460 2123 2112 2348 2253 2630 1958 2240 2140 2150 2084 2574 2433 2602 2357 2507 2059 2556 2619 2090 1997 2370 2410 2124 2404 2244 2539 1971 2528 2308 1966 2615 2369 2600 2271 1938 2340 2446 2257 2654 2485 2076 2064 2624 2601 2043 2339 2564 2383 2546 2326 2212 2088 2103 2093 2593 2586 2484 2131 2323 2625 2363 2154 2464 2030 2376 2590 2520 2374 2262 2261 2108 2073 1918 2118 2559 1917 2352 1946 2206 1943 2381 2467 2492 2083 2331 602 2188 2306 2409 2299 2418 2005 2353 2201 2115 2607 2578 2423 2476 2576 1993 2275 2020 1962 1963 2276 2407 1979 2258 2045 2122 2227 147 2033 1984 2545 2430 2591 2621 2104 2505 2037 4022 2532 2552 2164 2172 2220 2021 2139 2499 2495 2218 2216 2579 356 2408 1950 2391 2554 2290 2213 2136 2380 2386 2553 2200 2356 1953 2179 2515 2422 2044 3489 1986 2077 2655 2549 2190 1929 2311 2074 2359 498 2500 2307 2535 911 2504 2477 2454 1924 1599 2842 860 2792 3992 90 2105 2012 3990 157 2613 2527 2281 49 2487 894 
[501-1000]	758	64673	0.041455	2293 2496 2239 2137 2156 2420 2267 2135 2148 2332 2372 2039 2597 2351 2338 2028 2567 2533 1920 2319 2138 2398 2302 2279 2629 2071 2594 2153 2555 2592 2183 2149 2068 2510 1465 2187 1959 2461 2087 2336 2292 2282 2054 2081 2333 2283 2111 1577 2384 2609 2465 2134 2315 547 2042 1994 2653 2643 1948 2053 2047 1932 2191 2196 1955 2194 2516 2330 2052 2010 2458 2508 2385 2144 1945 2180 2649 2032 2224 2463 2582 2127 2598 2247 2241 2254 2072 2436 2491 2273 2125 2589 2199 2327 2169 2617 2377 2509 1940 2343 2102 2588 2511 2203 2151 2471 2328 2547 2250 2128 2223 2002 2451 2295 2264 2616 2057 2294 2537 2434 1916 1947 2174 2117 2475 2246 2285 2344 2198 2399 2215 2608 2394 2445 1981 2161 2498 2368 2396 2642 1926 2038 2512 1939 2132 2304 1987 2176 2519 2502 1970 2289 2529 2143 2101 2026 2419 2133 2235 2472 2390 2652 2062 2280 2243 2544 2007 2274 2438 2518 2268 2479 2603 2075 2259 2222 2473 2249 2003 2379 2599 2110 2417 2522 1941 2221 2252 2189 2501 2415 1954 2177 2572 2571 2163 2232 2325 2432 2367 1913 2530 2355 2155 2096 2029 2226 2525 2543 2345 1923 2185 2031 2637 2480 2568 2305 2065 2413 1718 2610 136 2347 2605 2310 2635 2416 1969 2366 2557 2205 2362 2211 2389 2312 2209 2208 74 2242 2145 1944 1952 2400 2141 2296 2531 2425 2318 2272 2099 1964 2468 2406 2612 2581 2566 2641 2186 2298 2036 2270 2175 1912 2493 1982 2322 2085 2453 2452 2251 1820 2388 2256 2040 287 2048 2100 1974 2214 2632 2182 1915 2401 1965 2540 2116 1975 2066 2160 2291 2503 2265 3801 2197 2277 2113 2313 2041 2080 1988 2455 2248 1977 2523 2497 2474 1930 2459 2361 2008 2314 2231 2114 2514 2173 2130 2288 2412 2403 2371 2651 2162 2440 2360 2628 2091 2126 2120 2424 2009 2358 2317 1922 2397 2015 2640 1973 2107 2286 2230 2236 2443 1936 2082 2228 2448 1972 1934 2427 2577 1985 1999 2342 2587 1978 2119 2534 1921 2350 2260 2217 2618 2580 2656 2341 2049 2565 1960 2411 2023 2035 2070 2639 2644 2488 858 2548 2426 1990 1976 2316 1931 2157 2634 2538 2614 2225 2513 2238 2152 138 2004 1968 2444 2364 2335 2158 2659 2429 2193 2051 2583 1995 2166 2018 2022 2024 2466 2027 2658 2449 2636 2456 2171 2001 2129 2595 2387 2255 2170 2647 2365 2584 2517 2627 2462 2393 2447 2378 1935 1992 1951 1919 2097 2570 1991 2405 2450 2006 2210 2219 2192 2620 2337 2233 2146 2284 2657 2320 1957 2019 2486 2490 2159 2202 2645 2011 2234 2034 1937 2092 2067 2660 2000 2648 1956 2373 2266 2349 2303 1914 2560 1933 1928 2524 2142 2013 1980 2287 2089 2017 2061 2346 2181 1961 1927 2278 2324 2016 2562 1998 2058 2147 2207 2478 2585 2542 2506 2060 2622 692 1949 2551 2402 2489 691 2623 2050 1989 2014 2334 2069 2631 2439 2650 2055 2063 2536 2526 2025 2633 1942 2297 1925 2521 2354 2329 2606 2494 2184 2229 2395 2414 2442 2300 2646 1983 2237 2046 2575 2611 2392 2309 2561 2086 2563 2558 2573 2095 2078 2638 2482 2604 2056 2435 2109 2121 2469 2165 1996 2098 2626 2550 3955 2301 2428 2460 2123 2112 2348 2253 2630 1958 2240 2140 2150 2084 2574 2433 2602 2357 2507 2059 2556 2619 2090 1997 2370 2410 2124 2404 2244 2539 1971 2528 2308 1966 2615 2369 2600 2271 1938 2340 2446 2257 2654 2485 2076 2064 2624 2601 2043 2339 2564 2383 2546 2326 2212 2088 2103 2093 2593 2586 2484 2131 2323 2625 2363 2154 2464 2030 2376 2590 2520 2374 2262 2261 2108 2073 1918 2118 2559 1917 2352 1946 2206 1943 2381 2467 2492 2083 2331 602 2188 2306 2409 2299 2418 2005 2353 2201 2115 2607 2578 2423 2476 2576 1993 2275 2020 1962 1963 2276 2407 1979 2258 2045 2122 2227 147 2033 1984 2545 2430 2591 2621 2104 2505 2037 4022 2532 2552 2164 2172 2220 2021 2139 2499 2495 2218 2216 2579 356 2408 1950 2391 2554 2290 2213 2136 2380 2386 2553 2200 2356 1953 2179 2515 2422 2044 3489 1986 2077 2655 2549 2190 1929 2311 2074 2359 498 2500 2307 2535 911 2504 2477 2454 1924 1599 2842 860 2792 3992 90 2105 2012 3990 157 2613 2527 2281 49 2487 894 870 2245 2195 2375 
[501-1000]	752	64613	0.041431	2293 2496 2239 2137 2156 2420 2267 2135 2148 2332 2372 2039 2597 2351 2338 2028 2567 2533 1920 2319 2138 2398 2302 2279 2629 2071 2594 2153 2555 2592 2183 2149 2068 2510 1465 2187 1959 2461 2087 2336 2292 2282 2054 2081 2333 2283 2111 1577 2384 2609 2465 2134 2315 547 2042 1994 2653 2643 1948 2053 2047 1932 2191 2196 1955 2194 2516 2330 2052 2010 2458 2508 2385 2144 1945 2180 2649 2032 2224 2463 2582 2127 2598 2247 2241 2254 2072 2436 2491 2273 2125 2589 2199 2327 2169 2617 2377 2509 1940 2343 2102 2588 2511 2203 2151 2471 2328 2547 2250 2128 2223 2002 2451 2295 2264 2616 2057 2294 2537 2434 1916 1947 2174 2117 2475 2246 2285 2344 2198 2399 2215 2608 2394 2445 1981 2161 2498 2368 2396 2642 1926 2038 2512 1939 2132 2304 1987 2176 2519 2502 1970 2289 2529 2143 2101 2026 2419 2133 2235 2472 2390 2652 2062 2280 2243 2544 2007 2274 2438 2518 2268 2479 2603 2075 2259 2222 2473 2249 2003 2379 2599 2110 2417 2522 1941 2221 2252 2189 2501 2415 1954 2177 2572 2571 2163 2232 2325 2432 2367 1913 2530 2355 2155 2096 2029 2226 2525 2543 2345 1923 2185 2031 2637 2480 2568 2305 2065 2413 1718 2610 136 2347 2605 2310 2635 2416 1969 2366 2557 2205 2362 2211 2389 2312 2209 2208 74 2242 2145 1944 1952 2400 2141 2296 2531 2425 2318 2272 2099 1964 2468 2406 2612 2581 2566 2641 2186 2298 2036 2270 2175 1912 2493 1982 2322 2085 2453 2452 2251 1820 2388 2256 2040 287 2048 2100 1974 2214 2632 2182 1915 2401 1965 2540 2116 1975 2066 2160 2291 2503 2265 3801 2197 2277 2113 2313 2041 2080 1988 2455 2248 1977 2523 2497 2474 1930 2459 2361 2008 2314 2231 2114 2514 2173 2130 2288 2412 2403 2371 2651 2162 2440 2360 2628 2091 2126 2120 2424 2009 2358 2317 1922 2397 2015 2640 1973 2107 2286 2230 2236 2443 1936 2082 2228 2448 1972 1934 2427 2577 1985 1999 2342 2587 1978 2119 2534 1921 2350 2260 2217 2618 2580 2656 2341 2049 2565 1960 2411 2023 2035 2070 2639 2644 2488 858 2548 2426 1990 1976 2316 1931 2157 2634 2538 2614 2225 2513 2238 2152 138 2004 1968 2444 2364 2335 2158 2659 2429 2193 2051 2583 1995 2166 2018 2022 2024 2466 2027 2658 2449 2636 2456 2171 2001 2129 2595 2387 2255 2170 2647 2365 2584 2517 2627 2462 2393 2447 2378 1935 1992 1951 1919 2097 2570 1991 2405 2450 2006 2210 2219 2192 2620 2337 2233 2146 2284 2657 2320 1957 2019 2486 2490 2159 2202 2645 2011 2234 2034 1937 2092 2067 2660 2000 2648 1956 2373 2266 2349 2303 1914 2560 1933 1928 2524 2142 2013 1980 2287 2089 2017 2061 2346 2181 1961 1927 2278 2324 2016 2562 1998 2058 2147 2207 2478 2585 2542 2506 2060 2622 692 1949 2551 2402 2489 691 2623 2050 1989 2014 2334 2069 2631 2439 2650 2055 2063 2536 2526 2025 2633 1942 2297 1925 2521 2354 2329 2606 2494 2184 2229 2395 2414 2442 2300 2646 1983 2237 2046 2575 2611 2392 2309 2561 2086 2563 2558 2573 2095 2078 2638 2482 2604 2056 2435 2109 2121 2469 2165 1996 2098 2626 2550 3955 2301 2428 2460 2123 2112 2348 2253 2630 1958 2240 2140 2150 2084 2574 2433 2602 2357 2507 2059 2556 2619 2090 1997 2370 2410 2124 2404 2244 2539 1971 2528 2308 1966 2615 2369 2600 2271 1938 2340 2446 2257 2654 2485 2076 2064 2624 2601 2043 2339 2564 2383 2546 2326 2212 2088 2103 2093 2593 2586 2484 2131 2323 2625 2363 2154 2464 2030 2376 2590 2520 2374 2262 2261 2108 2073 1918 2118 2559 1917 2352 1946 2206 1943 2381 2467 2492 2083 2331 602 2188 2306 2409 2299 2418 2005 2353 2201 2115 2607 2578 2423 2476 2576 1993 2275 2020 1962 1963 2276 2407 1979 2258 2045 2122 2227 147 2033 1984 2545 2430 2591 2621 2104 2505 2037 4022 2532 2552 2164 2172 2220 2021 2139 2499 2495 2218 2216 2579 356 2408 1950 2391 2554 2290 2213 2136 2380 2386 2553 2200 2356 1953 2179 2515 2422 2044 3489 1986 2077 2655 2549 2190 1929 2311 2074 2359 498 2500 2307 2535 911 2504 2477 2454 1924 1599 2842 860 2792 3992 90 2105 2012 3990 157 2613 2527 2281 49 
[501-1000]	753	64625	0.041393	2293 2496 2239 2137 2156 2420 2267 2135 2148 2332 2372 2039 2597 2351 2338 2028 2567 2533 1920 2319 2138 2398 2302 2279 2629 2071 2594 2153 2555 2592 2183 2149 2068 2510 1465 2187 1959 2461 2087 2336 2292 2282 2054 2081 2333 2283 2111 1577 2384 2609 2465 2134 2315 547 2042 1994 2653 2643 1948 2053 2047 1932 2191 2196 1955 2194 2516 2330 2052 2010 2458 2508 2385 2144 1945 2180 2649 2032 2224 2463 2582 2127 2598 2247 2241 2254 2072 2436 2491 2273 2125 2589 2199 2327 2169 2617 2377 2509 1940 2343 2102 2588 2511 2203 2151 2471 2328 2547 2250 2128 2223 2002 2451 2295 2264 2616 2057 2294 2537 2434 1916 1947 2174 2117 2475 2246 2285 2344 2198 2399 2215 2608 2394 2445 1981 2161 2498 2368 2396 2642 1926 2038 2512 1939 2132 2304 1987 2176 2519 2502 1970 2289 2529 2143 2101 2026 2419 2133 2235 2472 2390 2652 2062 2280 2243 2544 2007 2274 2438 2518 2268 2479 2603 2075 2259 2222 2473 2249 2003 2379 2599 2110 2417 2522 1941 2221 2252 2189 2501 2415 1954 2177 2572 2571 2163 2232 2325 2432 2367 1913 2530 2355 2155 2096 2029 2226 2525 2543 2345 1923 2185 2031 2637 2480 2568 2305 2065 2413 1718 2610 136 2347 2605 2310 2635 2416 1969 2366 2557 2205 2362 2211 2389 2312 2209 2208 74 2242 2145 1944 1952 2400 2141 2296 2531 2425 2318 2272 2099 1964 2468 2406 2612 2581 2566 2641 2186 2298 2036 2270 2175 1912 2493 1982 2322 2085 2453 2452 2251 1820 2388 2256 2040 287 2048 2100 1974 2214 2632 2182 1915 2401 1965 2540 2116 1975 2066 2160 2291 2503 2265 3801 2197 2277 2113 2313 2041 2080 1988 2455 2248 1977 2523 2497 2474 1930 2459 2361 2008 2314 2231 2114 2514 2173 2130 2288 2412 2403 2371 2651 2162 2440 2360 2628 2091 2126 2120 2424 2009 2358 2317 1922 2397 2015 2640 1973 2107 2286 2230 2236 2443 1936 2082 2228 2448 1972 1934 2427 2577 1985 1999 2342 2587 1978 2119 2534 1921 2350 2260 2217 2618 2580 2656 2341 2049 2565 1960 2411 2023 2035 2070 2639 2644 2488 858 2548 2426 1990 1976 2316 1931 2157 2634 2538 2614 2225 2513 2238 2152 138 2004 1968 2444 2364 2335 2158 2659 2429 2193 2051 2583 1995 2166 2018 2022 2024 2466 2027 2658 2449 2636 2456 2171 2001 2129 2595 2387 2255 2170 2647 2365 2584 2517 2627 2462 2393 2447 2378 1935 1992 1951 1919 2097 2570 1991 2405 2450 2006 2210 2219 2192 2620 2337 2233 2146 2284 2657 2320 1957 2019 2486 2490 2159 2202 2645 2011 2234 2034 1937 2092 2067 2660 2000 2648 1956 2373 2266 2349 2303 1914 2560 1933 1928 2524 2142 2013 1980 2287 2089 2017 2061 2346 2181 1961 1927 2278 2324 2016 2562 1998 2058 2147 2207 2478 2585 2542 2506 2060 2622 692 1949 2551 2402 2489 691 2623 2050 1989 2014 2334 2069 2631 2439 2650 2055 2063 2536 2526 2025 2633 1942 2297 1925 2521 2354 2329 2606 2494 2184 2229 2395 2414 2442 2300 2646 1983 2237 2046 2575 2611 2392 2309 2561 2086 2563 2558 2573 2095 2078 2638 2482 2604 2056 2435 2109 2121 2469 2165 1996 2098 2626 2550 3955 2301 2428 2460 2123 2112 2348 2253 2630 1958 2240 2140 2150 2084 2574 2433 2602 2357 2507 2059 2556 2619 2090 1997 2370 2410 2124 2404 2244 2539 1971 2528 2308 1966 2615 2369 2600 2271 1938 2340 2446 2257 2654 2485 2076 2064 2624 2601 2043 2339 2564 2383 2546 2326 2212 2088 2103 2093 2593 2586 2484 2131 2323 2625 2363 2154 2464 2030 2376 2590 2520 2374 2262 2261 2108 2073 1918 2118 2559 1917 2352 1946 2206 1943 2381 2467 2492 2083 2331 602 2188 2306 2409 2299 2418 2005 2353 2201 2115 2607 2578 2423 2476 2576 1993 2275 2020 1962 1963 2276 2407 1979 2258 2045 2122 2227 147 2033 1984 2545 2430 2591 2621 2104 2505 2037 4022 2532 2552 2164 2172 2220 2021 2139 2499 2495 2218 2216 2579 356 2408 1950 2391 2554 2290 2213 2136 2380 2386 2553 2200 2356 1953 2179 2515 2422 2044 3489 1986 2077 2655 2549 2190 1929 2311 2074 2359 498 2500 2307 2535 911 2504 2477 2454 1924 1599 2842 860 2792 3992 90 2105 2012 3990 157 2613 2527 2281 49 2487 
[501-1000]	751	64606	0.041358	2293 2496 2239 2137 2156 2420 2267 2135 2148 2332 2372 2039 2597 2351 2338 2028 2567 2533 1920 2319 2138 2398 2302 2279 2629 2071 2594 2153 2555 2592 2183 2149 2068 2510 1465 2187 1959 2461 2087 2336 2292 2282 2054 2081 2333 2283 2111 1577 2384 2609 2465 2134 2315 547 2042 1994 2653 2643 1948 2053 2047 1932 2191 2196 1955 2194 2516 2330 2052 2010 2458 2508 2385 2144 1945 2180 2649 2032 2224 2463 2582 2127 2598 2247 2241 2254 2072 2436 2491 2273 2125 2589 2199 2327 2169 2617 2377 2509 1940 2343 2102 2588 2511 2203 2151 2471 2328 2547 2250 2128 2223 2002 2451 2295 2264 2616 2057 2294 2537 2434 1916 1947 2174 2117 2475 2246 2285 2344 2198 2399 2215 2608 2394 2445 1981 2161 2498 2368 2396 2642 1926 2038 2512 1939 2132 2304 1987 2176 2519 2502 1970 2289 2529 2143 2101 2026 2419 2133 2235 2472 2390 2652 2062 2280 2243 2544 2007 2274 2438 2518 2268 2479 2603 2075 2259 2222 2473 2249 2003 2379 2599 2110 2417 2522 1941 2221 2252 2189 2501 2415 1954 2177 2572 2571 2163 2232 2325 2432 2367 1913 2530 2355 2155 2096 2029 2226 2525 2543 2345 1923 2185 2031 2637 2480 2568 2305 2065 2413 1718 2610 136 2347 2605 2310 2635 2416 1969 2366 2557 2205 2362 2211 2389 2312 2209 2208 74 2242 2145 1944 1952 2400 2141 2296 2531 2425 2318 2272 2099 1964 2468 2406 2612 2581 2566 2641 2186 2298 2036 2270 2175 1912 2493 1982 2322 2085 2453 2452 2251 1820 2388 2256 2040 287 2048 2100 1974 2214 2632 2182 1915 2401 1965 2540 2116 1975 2066 2160 2291 2503 2265 3801 2197 2277 2113 2313 2041 2080 1988 2455 2248 1977 2523 2497 2474 1930 2459 2361 2008 2314 2231 2114 2514 2173 2130 2288 2412 2403 2371 2651 2162 2440 2360 2628 2091 2126 2120 2424 2009 2358 2317 1922 2397 2015 2640 1973 2107 2286 2230 2236 2443 1936 2082 2228 2448 1972 1934 2427 2577 1985 1999 2342 2587 1978 2119 2534 1921 2350 2260 2217 2618 2580 2656 2341 2049 2565 1960 2411 2023 2035 2070 2639 2644 2488 858 2548 2426 1990 1976 2316 1931 2157 2634 2538 2614 2225 2513 2238 2152 138 2004 1968 2444 2364 2335 2158 2659 2429 2193 2051 2583 1995 2166 2018 2022 2024 2466 2027 2658 2449 2636 2456 2171 2001 2129 2595 2387 2255 2170 2647 2365 2584 2517 2627 2462 2393 2447 2378 1935 1992 1951 1919 2097 2570 1991 2405 2450 2006 2210 2219 2192 2620 2337 2233 2146 2284 2657 2320 1957 2019 2486 2490 2159 2202 2645 2011 2234 2034 1937 2092 2067 2660 2000 2648 1956 2373 2266 2349 2303 1914 2560 1933 1928 2524 2142 2013 1980 2287 2089 2017 2061 2346 2181 1961 1927 2278 2324 2016 2562 1998 2058 2147 2207 2478 2585 2542 2506 2060 2622 692 1949 2551 2402 2489 691 2623 2050 1989 2014 2334 2069 2631 2439 2650 2055 2063 2536 2526 2025 2633 1942 2297 1925 2521 2354 2329 2606 2494 2184 2229 2395 2414 2442 2300 2646 1983 2237 2046 2575 2611 2392 2309 2561 2086 2563 2558 2573 2095 2078 2638 2482 2604 2056 2435 2109 2121 2469 2165 1996 2098 2626 2550 3955 2301 2428 2460 2123 2112 2348 2253 2630 1958 2240 2140 2150 2084 2574 2433 2602 2357 2507 2059 2556 2619 2090 1997 2370 2410 2124 2404 2244 2539 1971 2528 2308 1966 2615 2369 2600 2271 1938 2340 2446 2257 2654 2485 2076 2064 2624 2601 2043 2339 2564 2383 2546 2326 2212 2088 2103 2093 2593 2586 2484 2131 2323 2625 2363 2154 2464 2030 2376 2590 2520 2374 2262 2261 2108 2073 1918 2118 2559 1917 2352 1946 2206 1943 2381 2467 2492 2083 2331 602 2188 2306 2409 2299 2418 2005 2353 2201 2115 2607 2578 2423 2476 2576 1993 2275 2020 1962 1963 2276 2407 1979 2258 2045 2122 2227 147 2033 1984 2545 2430 2591 2621 2104 2505 2037 4022 2532 2552 2164 2172 2220 2021 2139 2499 2495 2218 2216 2579 356 2408 1950 2391 2554 2290 2213 2136 2380 2386 2553 2200 2356 1953 2179 2515 2422 2044 3489 1986 2077 2655 2549 2190 1929 2311 2074 2359 498 2500 2307 2535 911 2504 2477 2454 1924 1599 2842 860 2792 3992 90 2105 2012 3990 157 2613 2527 2281 
[501-1000]	750	64592	0.041336	2293 2496 2239 2137 2156 2420 2267 2135 2148 2332 2372 2039 2597 2351 2338 2028 2567 2533 1920 2319 2138 2398 2302 2279 2629 2071 2594 2153 2555 2592 2183 2149 2068 2510 1465 2187 1959 2461 2087 2336 2292 2282 2054 2081 2333 2283 2111 1577 2384 2609 2465 2134 2315 547 2042 1994 2653 2643 1948 2053 2047 1932 2191 2196 1955 2194 2516 2330 2052 2010 2458 2508 2385 2144 1945 2180 2649 2032 2224 2463 2582 2127 2598 2247 2241 2254 2072 2436 2491 2273 2125 2589 2199 2327 2169 2617 2377 2509 1940 2343 2102 2588 2511 2203 2151 2471 2328 2547 2250 2128 2223 2002 2451 2295 2264 2616 2057 2294 2537 2434 1916 1947 2174 2117 2475 2246 2285 2344 2198 2399 2215 2608 2394 2445 1981 2161 2498 2368 2396 2642 1926 2038 2512 1939 2132 2304 1987 2176 2519 2502 1970 2289 2529 2143 2101 2026 2419 2133 2235 2472 2390 2652 2062 2280 2243 2544 2007 2274 2438 2518 2268 2479 2603 2075 2259 2222 2473 2249 2003 2379 2599 2110 2417 2522 1941 2221 2252 2189 2501 2415 1954 2177 2572 2571 2163 2232 2325 2432 2367 1913 2530 2355 2155 2096 2029 2226 2525 2543 2345 1923 2185 2031 2637 2480 2568 2305 2065 2413 1718 2610 136 2347 2605 2310 2635 2416 1969 2366 2557 2205 2362 2211 2389 2312 2209 2208 74 2242 2145 1944 1952 2400 2141 2296 2531 2425 2318 2272 2099 1964 2468 2406 2612 2581 2566 2641 2186 2298 2036 2270 2175 1912 2493 1982 2322 2085 2453 2452 2251 1820 2388 2256 2040 287 2048 2100 1974 2214 2632 2182 1915 2401 1965 2540 2116 1975 2066 2160 2291 2503 2265 3801 2197 2277 2113 2313 2041 2080 1988 2455 2248 1977 2523 2497 2474 1930 2459 2361 2008 2314 2231 2114 2514 2173 2130 2288 2412 2403 2371 2651 2162 2440 2360 2628 2091 2126 2120 2424 2009 2358 2317 1922 2397 2015 2640 1973 2107 2286 2230 2236 2443 1936 2082 2228 2448 1972 1934 2427 2577 1985 1999 2342 2587 1978 2119 2534 1921 2350 2260 2217 2618 2580 2656 2341 2049 2565 1960 2411 2023 2035 2070 2639 2644 2488 858 2548 2426 1990 1976 2316 1931 2157 2634 2538 2614 2225 2513 2238 2152 138 2004 1968 2444 2364 2335 2158 2659 2429 2193 2051 2583 1995 2166 2018 2022 2024 2466 2027 2658 2449 2636 2456 2171 2001 2129 2595 2387 2255 2170 2647 2365 2584 2517 2627 2462 2393 2447 2378 1935 1992 1951 1919 2097 2570 1991 2405 2450 2006 2210 2219 2192 2620 2337 2233 2146 2284 2657 2320 1957 2019 2486 2490 2159 2202 2645 2011 2234 2034 1937 2092 2067 2660 2000 2648 1956 2373 2266 2349 2303 1914 2560 1933 1928 2524 2142 2013 1980 2287 2089 2017 2061 2346 2181 1961 1927 2278 2324 2016 2562 1998 2058 2147 2207 2478 2585 2542 2506 2060 2622 692 1949 2551 2402 2489 691 2623 2050 1989 2014 2334 2069 2631 2439 2650 2055 2063 2536 2526 2025 2633 1942 2297 1925 2521 2354 2329 2606 2494 2184 2229 2395 2414 2442 2300 2646 1983 2237 2046 2575 2611 2392 2309 2561 2086 2563 2558 2573 2095 2078 2638 2482 2604 2056 2435 2109 2121 2469 2165 1996 2098 2626 2550 3955 2301 2428 2460 2123 2112 2348 2253 2630 1958 2240 2140 2150 2084 2574 2433 2602 2357 2507 2059 2556 2619 2090 1997 2370 2410 2124 2404 2244 2539 1971 2528 2308 1966 2615 2369 2600 2271 1938 2340 2446 2257 2654 2485 2076 2064 2624 2601 2043 2339 2564 2383 2546 2326 2212 2088 2103 2093 2593 2586 2484 2131 2323 2625 2363 2154 2464 2030 2376 2590 2520 2374 2262 2261 2108 2073 1918 2118 2559 1917 2352 1946 2206 1943 2381 2467 2492 2083 2331 602 2188 2306 2409 2299 2418 2005 2353 2201 2115 2607 2578 2423 2476 2576 1993 2275 2020 1962 1963 2276 2407 1979 2258 2045 2122 2227 147 2033 1984 2545 2430 2591 2621 2104 2505 2037 4022 2532 2552 2164 2172 2220 2021 2139 2499 2495 2218 2216 2579 356 2408 1950 2391 2554 2290 2213 2136 2380 2386 2553 2200 2356 1953 2179 2515 2422 2044 3489 1986 2077 2655 2549 2190 1929 2311 2074 2359 498 2500 2307 2535 911 2504 2477 2454 1924 1599 2842 860 2792 3992 90 2105 2012 3990 157 2613 2527 
[501-1000]	749	64585	0.041325	2293 2496 2239 2137 2156 2420 2267 2135 2148 2332 2372 2039 2597 2351 2338 2028 2567 2533 1920 2319 2138 2398 2302 2279 2629 2071 2594 2153 2555 2592 2183 2149 2068 2510 1465 2187 1959 2461 2087 2336 2292 2282 2054 2081 2333 2283 2111 1577 2384 2609 2465 2134 2315 547 2042 1994 2653 2643 1948 2053 2047 1932 2191 2196 1955 2194 2516 2330 2052 2010 2458 2508 2385 2144 1945 2180 2649 2032 2224 2463 2582 2127 2598 2247 2241 2254 2072 2436 2491 2273 2125 2589 2199 2327 2169 2617 2377 2509 1940 2343 2102 2588 2511 2203 2151 2471 2328 2547 2250 2128 2223 2002 2451 2295 2264 2616 2057 2294 2537 2434 1916 1947 2174 2117 2475 2246 2285 2344 2198 2399 2215 2608 2394 2445 1981 2161 2498 2368 2396 2642 1926 2038 2512 1939 2132 2304 1987 2176 2519 2502 1970 2289 2529 2143 2101 2026 2419 2133 2235 2472 2390 2652 2062 2280 2243 2544 2007 2274 2438 2518 2268 2479 2603 2075 2259 2222 2473 2249 2003 2379 2599 2110 2417 2522 1941 2221 2252 2189 2501 2415 1954 2177 2572 2571 2163 2232 2325 2432 2367 1913 2530 2355 2155 2096 2029 2226 2525 2543 2345 1923 2185 2031 2637 2480 2568 2305 2065 2413 1718 2610 136 2347 2605 2310 2635 2416 1969 2366 2557 2205 2362 2211 2389 2312 2209 2208 74 2242 2145 1944 1952 2400 2141 2296 2531 2425 2318 2272 2099 1964 2468 2406 2612 2581 2566 2641 2186 2298 2036 2270 2175 1912 2493 1982 2322 2085 2453 2452 2251 1820 2388 2256 2040 287 2048 2100 1974 2214 2632 2182 1915 2401 1965 2540 2116 1975 2066 2160 2291 2503 2265 3801 2197 2277 2113 2313 2041 2080 1988 2455 2248 1977 2523 2497 2474 1930 2459 2361 2008 2314 2231 2114 2514 2173 2130 2288 2412 2403 2371 2651 2162 2440 2360 2628 2091 2126 2120 2424 2009 2358 2317 1922 2397 2015 2640 1973 2107 2286 2230 2236 2443 1936 2082 2228 2448 1972 1934 2427 2577 1985 1999 2342 2587 1978 2119 2534 1921 2350 2260 2217 2618 2580 2656 2341 2049 2565 1960 2411 2023 2035 2070 2639 2644 2488 858 2548 2426 1990 1976 2316 1931 2157 2634 2538 2614 2225 2513 2238 2152 138 2004 1968 2444 2364 2335 2158 2659 2429 2193 2051 2583 1995 2166 2018 2022 2024 2466 2027 2658 2449 2636 2456 2171 2001 2129 2595 2387 2255 2170 2647 2365 2584 2517 2627 2462 2393 2447 2378 1935 1992 1951 1919 2097 2570 1991 2405 2450 2006 2210 2219 2192 2620 2337 2233 2146 2284 2657 2320 1957 2019 2486 2490 2159 2202 2645 2011 2234 2034 1937 2092 2067 2660 2000 2648 1956 2373 2266 2349 2303 1914 2560 1933 1928 2524 2142 2013 1980 2287 2089 2017 2061 2346 2181 1961 1927 2278 2324 2016 2562 1998 2058 2147 2207 2478 2585 2542 2506 2060 2622 692 1949 2551 2402 2489 691 2623 2050 1989 2014 2334 2069 2631 2439 2650 2055 2063 2536 2526 2025 2633 1942 2297 1925 2521 2354 2329 2606 2494 2184 2229 2395 2414 2442 2300 2646 1983 2237 2046 2575 2611 2392 2309 2561 2086 2563 2558 2573 2095 2078 2638 2482 2604 2056 2435 2109 2121 2469 2165 1996 2098 2626 2550 3955 2301 2428 2460 2123 2112 2348 2253 2630 1958 2240 2140 2150 2084 2574 2433 2602 2357 2507 2059 2556 2619 2090 1997 2370 2410 2124 2404 2244 2539 1971 2528 2308 1966 2615 2369 2600 2271 1938 2340 2446 2257 2654 2485 2076 2064 2624 2601 2043 2339 2564 2383 2546 2326 2212 2088 2103 2093 2593 2586 2484 2131 2323 2625 2363 2154 2464 2030 2376 2590 2520 2374 2262 2261 2108 2073 1918 2118 2559 1917 2352 1946 2206 1943 2381 2467 2492 2083 2331 602 2188 2306 2409 2299 2418 2005 2353 2201 2115 2607 2578 2423 2476 2576 1993 2275 2020 1962 1963 2276 2407 1979 2258 2045 2122 2227 147 2033 1984 2545 2430 2591 2621 2104 2505 2037 4022 2532 2552 2164 2172 2220 2021 2139 2499 2495 2218 2216 2579 356 2408 1950 2391 2554 2290 2213 2136 2380 2386 2553 2200 2356 1953 2179 2515 2422 2044 3489 1986 2077 2655 2549 2190 1929 2311 2074 2359 498 2500 2307 2535 911 2504 2477 2454 1924 1599 2842 860 2792 3992 90 2105 2012 3990 157 2613 
[1001-5000]	1020	67833	0.065676	2293 2496 2239 2137 2156 2420 2267 2135 2148 2332 2372 2039 2597 2351 2338 2028 2567 2533 1920 2319 2138 2398 2302 2279 2629 2071 2594 2153 2555 2592 2183 2149 2068 2510 1465 2187 1959 2461 2087 2336 2292 2282 2054 2081 2333 2283 2111 1577 2384 2609 2465 2134 2315 547 2042 1994 2653 2643 1948 2053 2047 1932 2191 2196 1955 2194 2516 2330 2052 2010 2458 2508 2385 2144 1945 2180 2649 2032 2224 2463 2582 2127 2598 2247 2241 2254 2072 2436 2491 2273 2125 2589 2199 2327 2169 2617 2377 2509 1940 2343 2102 2588 2511 2203 2151 2471 2328 2547 2250 2128 2223 2002 2451 2295 2264 2616 2057 2294 2537 2434 1916 1947 2174 2117 2475 2246 2285 2344 2198 2399 2215 2608 2394 2445 1981 2161 2498 2368 2396 2642 1926 2038 2512 1939 2132 2304 1987 2176 2519 2502 1970 2289 2529 2143 2101 2026 2419 2133 2235 2472 2390 2652 2062 2280 2243 2544 2007 2274 2438 2518 2268 2479 2603 2075 2259 2222 2473 2249 2003 2379 2599 2110 2417 2522 1941 2221 2252 2189 2501 2415 1954 2177 2572 2571 2163 2232 2325 2432 2367 1913 2530 2355 2155 2096 2029 2226 2525 2543 2345 1923 2185 2031 2637 2480 2568 2305 2065 2413 1718 2610 136 2347 2605 2310 2635 2416 1969 2366 2557 2205 2362 2211 2389 2312 2209 2208 74 2242 2145 1944 1952 2400 2141 2296 2531 2425 2318 2272 2099 1964 2468 2406 2612 2581 2566 2641 2186 2298 2036 2270 2175 1912 2493 1982 2322 2085 2453 2452 2251 1820 2388 2256 2040 287 2048 2100 1974 2214 2632 2182 1915 2401 1965 2540 2116 1975 2066 2160 2291 2503 2265 3801 2197 2277 2113 2313 2041 2080 1988 2455 2248 1977 2523 2497 2474 1930 2459 2361 2008 2314 2231 2114 2514 2173 2130 2288 2412 2403 2371 2651 2162 2440 2360 2628 2091 2126 2120 2424 2009 2358 2317 1922 2397 2015 2640 1973 2107 2286 2230 2236 2443 1936 2082 2228 2448 1972 1934 2427 2577 1985 1999 2342 2587 1978 2119 2534 1921 2350 2260 2217 2618 2580 2656 2341 2049 2565 1960 2411 2023 2035 2070 2639 2644 2488 858 2548 2426 1990 1976 2316 1931 2157 2634 2538 2614 2225 2513 2238 2152 138 2004 1968 2444 2364 2335 2158 2659 2429 2193 2051 2583 1995 2166 2018 2022 2024 2466 2027 2658 2449 2636 2456 2171 2001 2129 2595 2387 2255 2170 2647 2365 2584 2517 2627 2462 2393 2447 2378 1935 1992 1951 1919 2097 2570 1991 2405 2450 2006 2210 2219 2192 2620 2337 2233 2146 2284 2657 2320 1957 2019 2486 2490 2159 2202 2645 2011 2234 2034 1937 2092 2067 2660 2000 2648 1956 2373 2266 2349 2303 1914 2560 1933 1928 2524 2142 2013 1980 2287 2089 2017 2061 2346 2181 1961 1927 2278 2324 2016 2562 1998 2058 2147 2207 2478 2585 2542 2506 2060 2622 692 1949 2551 2402 2489 691 2623 2050 1989 2014 2334 2069 2631 2439 2650 2055 2063 2536 2526 2025 2633 1942 2297 1925 2521 2354 2329 2606 2494 2184 2229 2395 2414 2442 2300 2646 1983 2237 2046 2575 2611 2392 2309 2561 2086 2563 2558 2573 2095 2078 2638 2482 2604 2056 2435 2109 2121 2469 2165 1996 2098 2626 2550 3955 2301 2428 2460 2123 2112 2348 2253 2630 1958 2240 2140 2150 2084 2574 2433 2602 2357 2507 2059 2556 2619 2090 1997 2370 2410 2124 2404 2244 2539 1971 2528 2308 1966 2615 2369 2600 2271 1938 2340 2446 2257 2654 2485 2076 2064 2624 2601 2043 2339 2564 2383 2546 2326 2212 2088 2103 2093 2593 2586 2484 2131 2323 2625 2363 2154 2464 2030 2376 2590 2520 2374 2262 2261 2108 2073 1918 2118 2559 1917 2352 1946 2206 1943 2381 2467 2492 2083 2331 602 2188 2306 2409 2299 2418 2005 2353 2201 2115 2607 2578 2423 2476 2576 1993 2275 2020 1962 1963 2276 2407 1979 2258 2045 2122 2227 147 2033 1984 2545 2430 2591 2621 2104 2505 2037 4022 2532 2552 2164 2172 2220 2021 2139 2499 2495 2218 2216 2579 356 2408 1950 2391 2554 2290 2213 2136 2380 2386 2553 2200 2356 1953 2179 2515 2422 2044 3489 1986 2077 2655 2549 2190 1929 2311 2074 2359 498 2500 2307 2535 911 2504 2477 2454 1924 1599 2842 860 2792 3992 90 2105 2012 3990 157 2613 2527 2281 49 2487 894 870 2245 2195 2375 37 2671 2263 120 2569 1395 2596 801 2269 2441 2204 3724 2431 335 333 2437 587 794 453 6 2481 2321 3848 3190 52 386 1792 191 476 2541 3483 3905 3639 3897 4011 740 562 2483 866 3662 3813 2094 1276 4028 2178 3987 1657 4025 3543 166 3816 3885 534 156 383 877 3893 788 1387 401 2776 255 3652 60 4006 2421 2167 3333 3983 3552 4001 871 162 1077 2457 2079 68 749 2805 3953 3996 1262 97 245 1046 411 895 3490 3949 3251 571 485 489 359 892 3744 279 3770 1967 230 3660 478 3513 2168 77 879 2470 150 33 154 996 676 761 3863 782 3745 3937 361 153 125 382 610 950 3083 3805 1697 3998 908 396 221 857 910 470 1203 3227 3928 3977 3575 1140 4005 3993 3735 1711 4015 2982 909 3546 3461 684 756 3457 1240 137 3063 3183 4 868 51 812 8 621 735 472 12 3952 593 3732 3638 1105 3960 3932 3565 1759 3676 298 1295 2798 3890 3986 1586 358 3012 1776 317 935 2382 3982 319 403 598 256 1414 3524 220 3325 131 3444 3560 112 4007 776 1560 3088 3249 3028 3479 3481 3606 1822 715 3531 3994 3504 881 474 4036 3716 3844 1119 4032 295 634 3665 3944 1762 81 201 585 42 103 124 1171 241 1252 2106 168 620 290 3230 3533 3447 1111 4017 70 310 17 3334 289 867 1264 646 1031 3935 3659 7 2801 354 3675 876 3143 320 3200 
[1001-5000]	1019	67818	0.065499	2293 2496 2239 2137 2156 2420 2267 2135 2148 2332 2372 2039 2597 2351 2338 2028 2567 2533 1920 2319 2138 2398 2302 2279 2629 2071 2594 2153 2555 2592 2183 2149 2068 2510 1465 2187 1959 2461 2087 2336 2292 2282 2054 2081 2333 2283 2111 1577 2384 2609 2465 2134 2315 547 2042 1994 2653 2643 1948 2053 2047 1932 2191 2196 1955 2194 2516 2330 2052 2010 2458 2508 2385 2144 1945 2180 2649 2032 2224 2463 2582 2127 2598 2247 2241 2254 2072 2436 2491 2273 2125 2589 2199 2327 2169 2617 2377 2509 1940 2343 2102 2588 2511 2203 2151 2471 2328 2547 2250 2128 2223 2002 2451 2295 2264 2616 2057 2294 2537 2434 1916 1947 2174 2117 2475 2246 2285 2344 2198 2399 2215 2608 2394 2445 1981 2161 2498 2368 2396 2642 1926 2038 2512 1939 2132 2304 1987 2176 2519 2502 1970 2289 2529 2143 2101 2026 2419 2133 2235 2472 2390 2652 2062 2280 2243 2544 2007 2274 2438 2518 2268 2479 2603 2075 2259 2222 2473 2249 2003 2379 2599 2110 2417 2522 1941 2221 2252 2189 2501 2415 1954 2177 2572 2571 2163 2232 2325 2432 2367 1913 2530 2355 2155 2096 2029 2226 2525 2543 2345 1923 2185 2031 2637 2480 2568 2305 2065 2413 1718 2610 136 2347 2605 2310 2635 2416 1969 2366 2557 2205 2362 2211 2389 2312 2209 2208 74 2242 2145 1944 1952 2400 2141 2296 2531 2425 2318 2272 2099 1964 2468 2406 2612 2581 2566 2641 2186 2298 2036 2270 2175 1912 2493 1982 2322 2085 2453 2452 2251 1820 2388 2256 2040 287 2048 2100 1974 2214 2632 2182 1915 2401 1965 2540 2116 1975 2066 2160 2291 2503 2265 3801 2197 2277 2113 2313 2041 2080 1988 2455 2248 1977 2523 2497 2474 1930 2459 2361 2008 2314 2231 2114 2514 2173 2130 2288 2412 2403 2371 2651 2162 2440 2360 2628 2091 2126 2120 2424 2009 2358 2317 1922 2397 2015 2640 1973 2107 2286 2230 2236 2443 1936 2082 2228 2448 1972 1934 2427 2577 1985 1999 2342 2587 1978 2119 2534 1921 2350 2260 2217 2618 2580 2656 2341 2049 2565 1960 2411 2023 2035 2070 2639 2644 2488 858 2548 2426 1990 1976 2316 1931 2157 2634 2538 2614 2225 2513 2238 2152 138 2004 1968 2444 2364 2335 2158 2659 2429 2193 2051 2583 1995 2166 2018 2022 2024 2466 2027 2658 2449 2636 2456 2171 2001 2129 2595 2387 2255 2170 2647 2365 2584 2517 2627 2462 2393 2447 2378 1935 1992 1951 1919 2097 2570 1991 2405 2450 2006 2210 2219 2192 2620 2337 2233 2146 2284 2657 2320 1957 2019 2486 2490 2159 2202 2645 2011 2234 2034 1937 2092 2067 2660 2000 2648 1956 2373 2266 2349 2303 1914 2560 1933 1928 2524 2142 2013 1980 2287 2089 2017 2061 2346 2181 1961 1927 2278 2324 2016 2562 1998 2058 2147 2207 2478 2585 2542 2506 2060 2622 692 1949 2551 2402 2489 691 2623 2050 1989 2014 2334 2069 2631 2439 2650 2055 2063 2536 2526 2025 2633 1942 2297 1925 2521 2354 2329 2606 2494 2184 2229 2395 2414 2442 2300 2646 1983 2237 2046 2575 2611 2392 2309 2561 2086 2563 2558 2573 2095 2078 2638 2482 2604 2056 2435 2109 2121 2469 2165 1996 2098 2626 2550 3955 2301 2428 2460 2123 2112 2348 2253 2630 1958 2240 2140 2150 2084 2574 2433 2602 2357 2507 2059 2556 2619 2090 1997 2370 2410 2124 2404 2244 2539 1971 2528 2308 1966 2615 2369 2600 2271 1938 2340 2446 2257 2654 2485 2076 2064 2624 2601 2043 2339 2564 2383 2546 2326 2212 2088 2103 2093 2593 2586 2484 2131 2323 2625 2363 2154 2464 2030 2376 2590 2520 2374 2262 2261 2108 2073 1918 2118 2559 1917 2352 1946 2206 1943 2381 2467 2492 2083 2331 602 2188 2306 2409 2299 2418 2005 2353 2201 2115 2607 2578 2423 2476 2576 1993 2275 2020 1962 1963 2276 2407 1979 2258 2045 2122 2227 147 2033 1984 2545 2430 2591 2621 2104 2505 2037 4022 2532 2552 2164 2172 2220 2021 2139 2499 2495 2218 2216 2579 356 2408 1950 2391 2554 2290 2213 2136 2380 2386 2553 2200 2356 1953 2179 2515 2422 2044 3489 1986 2077 2655 2549 2190 1929 2311 2074 2359 498 2500 2307 2535 911 2504 2477 2454 1924 1599 2842 860 2792 3992 90 2105 2012 3990 157 2613 2527 2281 49 2487 894 870 2245 2195 2375 37 2671 2263 120 2569 1395 2596 801 2269 2441 2204 3724 2431 335 333 2437 587 794 453 6 2481 2321 3848 3190 52 386 1792 191 476 2541 3483 3905 3639 3897 4011 740 562 2483 866 3662 3813 2094 1276 4028 2178 3987 1657 4025 3543 166 3816 3885 534 156 383 877 3893 788 1387 401 2776 255 3652 60 4006 2421 2167 3333 3983 3552 4001 871 162 1077 2457 2079 68 749 2805 3953 3996 1262 97 245 1046 411 895 3490 3949 3251 571 485 489 359 892 3744 279 3770 1967 230 3660 478 3513 2168 77 879 2470 150 33 154 996 676 761 3863 782 3745 3937 361 153 125 382 610 950 3083 3805 1697 3998 908 396 221 857 910 470 1203 3227 3928 3977 3575 1140 4005 3993 3735 1711 4015 2982 909 3546 3461 684 756 3457 1240 137 3063 3183 4 868 51 812 8 621 735 472 12 3952 593 3732 3638 1105 3960 3932 3565 1759 3676 298 1295 2798 3890 3986 1586 358 3012 1776 317 935 2382 3982 319 403 598 256 1414 3524 220 3325 131 3444 3560 112 4007 776 1560 3088 3249 3028 3479 3481 3606 1822 715 3531 3994 3504 881 474 4036 3716 3844 1119 4032 295 634 3665 3944 1762 81 201 585 42 103 124 1171 241 1252 2106 168 620 290 3230 3533 3447 1111 4017 70 310 17 3334 289 867 1264 646 1031 3935 3659 7 2801 354 3675 876 3143 320 
[1001-5000]	1018	67792	0.065229	2293 2496 2239 2137 2156 2420 2267 2135 2148 2332 2372 2039 2597 2351 2338 2028 2567 2533 1920 2319 2138 2398 2302 2279 2629 2071 2594 2153 2555 2592 2183 2149 2068 2510 1465 2187 1959 2461 2087 2336 2292 2282 2054 2081 2333 2283 2111 1577 2384 2609 2465 2134 2315 547 2042 1994 2653 2643 1948 2053 2047 1932 2191 2196 1955 2194 2516 2330 2052 2010 2458 2508 2385 2144 1945 2180 2649 2032 2224 2463 2582 2127 2598 2247 2241 2254 2072 2436 2491 2273 2125 2589 2199 2327 2169 2617 2377 2509 1940 2343 2102 2588 2511 2203 2151 2471 2328 2547 2250 2128 2223 2002 2451 2295 2264 2616 2057 2294 2537 2434 1916 1947 2174 2117 2475 2246 2285 2344 2198 2399 2215 2608 2394 2445 1981 2161 2498 2368 2396 2642 1926 2038 2512 1939 2132 2304 1987 2176 2519 2502 1970 2289 2529 2143 2101 2026 2419 2133 2235 2472 2390 2652 2062 2280 2243 2544 2007 2274 2438 2518 2268 2479 2603 2075 2259 2222 2473 2249 2003 2379 2599 2110 2417 2522 1941 2221 2252 2189 2501 2415 1954 2177 2572 2571 2163 2232 2325 2432 2367 1913 2530 2355 2155 2096 2029 2226 2525 2543 2345 1923 2185 2031 2637 2480 2568 2305 2065 2413 1718 2610 136 2347 2605 2310 2635 2416 1969 2366 2557 2205 2362 2211 2389 2312 2209 2208 74 2242 2145 1944 1952 2400 2141 2296 2531 2425 2318 2272 2099 1964 2468 2406 2612 2581 2566 2641 2186 2298 2036 2270 2175 1912 2493 1982 2322 2085 2453 2452 2251 1820 2388 2256 2040 287 2048 2100 1974 2214 2632 2182 1915 2401 1965 2540 2116 1975 2066 2160 2291 2503 2265 3801 2197 2277 2113 2313 2041 2080 1988 2455 2248 1977 2523 2497 2474 1930 2459 2361 2008 2314 2231 2114 2514 2173 2130 2288 2412 2403 2371 2651 2162 2440 2360 2628 2091 2126 2120 2424 2009 2358 2317 1922 2397 2015 2640 1973 2107 2286 2230 2236 2443 1936 2082 2228 2448 1972 1934 2427 2577 1985 1999 2342 2587 1978 2119 2534 1921 2350 2260 2217 2618 2580 2656 2341 2049 2565 1960 2411 2023 2035 2070 2639 2644 2488 858 2548 2426 1990 1976 2316 1931 2157 2634 2538 2614 2225 2513 2238 2152 138 2004 1968 2444 2364 2335 2158 2659 2429 2193 2051 2583 1995 2166 2018 2022 2024 2466 2027 2658 2449 2636 2456 2171 2001 2129 2595 2387 2255 2170 2647 2365 2584 2517 2627 2462 2393 2447 2378 1935 1992 1951 1919 2097 2570 1991 2405 2450 2006 2210 2219 2192 2620 2337 2233 2146 2284 2657 2320 1957 2019 2486 2490 2159 2202 2645 2011 2234 2034 1937 2092 2067 2660 2000 2648 1956 2373 2266 2349 2303 1914 2560 1933 1928 2524 2142 2013 1980 2287 2089 2017 2061 2346 2181 1961 1927 2278 2324 2016 2562 1998 2058 2147 2207 2478 2585 2542 2506 2060 2622 692 1949 2551 2402 2489 691 2623 2050 1989 2014 2334 2069 2631 2439 2650 2055 2063 2536 2526 2025 2633 1942 2297 1925 2521 2354 2329 2606 2494 2184 2229 2395 2414 2442 2300 2646 1983 2237 2046 2575 2611 2392 2309 2561 2086 2563 2558 2573 2095 2078 2638 2482 2604 2056 2435 2109 2121 2469 2165 1996 2098 2626 2550 3955 2301 2428 2460 2123 2112 2348 2253 2630 1958 2240 2140 2150 2084 2574 2433 2602 2357 2507 2059 2556 2619 2090 1997 2370 2410 2124 2404 2244 2539 1971 2528 2308 1966 2615 2369 2600 2271 1938 2340 2446 2257 2654 2485 2076 2064 2624 2601 2043 2339 2564 2383 2546 2326 2212 2088 2103 2093 2593 2586 2484 2131 2323 2625 2363 2154 2464 2030 2376 2590 2520 2374 2262 2261 2108 2073 1918 2118 2559 1917 2352 1946 2206 1943 2381 2467 2492 2083 2331 602 2188 2306 2409 2299 2418 2005 2353 2201 2115 2607 2578 2423 2476 2576 1993 2275 2020 1962 1963 2276 2407 1979 2258 2045 2122 2227 147 2033 1984 2545 2430 2591 2621 2104 2505 2037 4022 2532 2552 2164 2172 2220 2021 2139 2499 2495 2218 2216 2579 356 2408 1950 2391 2554 2290 2213 2136 2380 2386 2553 2200 2356 1953 2179 2515 2422 2044 3489 1986 2077 2655 2549 2190 1929 2311 2074 2359 498 2500 2307 2535 911 2504 2477 2454 1924 1599 2842 860 2792 3992 90 2105 2012 3990 157 2613 2527 2281 49 2487 894 870 2245 2195 2375 37 2671 2263 120 2569 1395 2596 801 2269 2441 2204 3724 2431 335 333 2437 587 794 453 6 2481 2321 3848 3190 52 386 1792 191 476 2541 3483 3905 3639 3897 4011 740 562 2483 866 3662 3813 2094 1276 4028 2178 3987 1657 4025 3543 166 3816 3885 534 156 383 877 3893 788 1387 401 2776 255 3652 60 4006 2421 2167 3333 3983 3552 4001 871 162 1077 2457 2079 68 749 2805 3953 3996 1262 97 245 1046 411 895 3490 3949 3251 571 485 489 359 892 3744 279 3770 1967 230 3660 478 3513 2168 77 879 2470 150 33 154 996 676 761 3863 782 3745 3937 361 153 125 382 610 950 3083 3805 1697 3998 908 396 221 857 910 470 1203 3227 3928 3977 3575 1140 4005 3993 3735 1711 4015 2982 909 3546 3461 684 756 3457 1240 137 3063 3183 4 868 51 812 8 621 735 472 12 3952 593 3732 3638 1105 3960 3932 3565 1759 3676 298 1295 2798 3890 3986 1586 358 3012 1776 317 935 2382 3982 319 403 598 256 1414 3524 220 3325 131 3444 3560 112 4007 776 1560 3088 3249 3028 3479 3481 3606 1822 715 3531 3994 3504 881 474 4036 3716 3844 1119 4032 295 634 3665 3944 1762 81 201 585 42 103 124 1171 241 1252 2106 168 620 290 3230 3533 3447 1111 4017 70 310 17 3334 289 867 1264 646 1031 3935 3659 7 2801 354 3675 876 3143 
[1001-5000]	1017	67781	0.065136	2293 2496 2239 2137 2156 2420 2267 2135 2148 2332 2372 2039 2597 2351 2338 2028 2567 2533 1920 2319 2138 2398 2302 2279 2629 2071 2594 2153 2555 2592 2183 2149 2068 2510 1465 2187 1959 2461 2087 2336 2292 2282 2054 2081 2333 2283 2111 1577 2384 2609 2465 2134 2315 547 2042 1994 2653 2643 1948 2053 2047 1932 2191 2196 1955 2194 2516 2330 2052 2010 2458 2508 2385 2144 1945 2180 2649 2032 2224 2463 2582 2127 2598 2247 2241 2254 2072 2436 2491 2273 2125 2589 2199 2327 2169 2617 2377 2509 1940 2343 2102 2588 2511 2203 2151 2471 2328 2547 2250 2128 2223 2002 2451 2295 2264 2616 2057 2294 2537 2434 1916 1947 2174 2117 2475 2246 2285 2344 2198 2399 2215 2608 2394 2445 1981 2161 2498 2368 2396 2642 1926 2038 2512 1939 2132 2304 1987 2176 2519 2502 1970 2289 2529 2143 2101 2026 2419 2133 2235 2472 2390 2652 2062 2280 2243 2544 2007 2274 2438 2518 2268 2479 2603 2075 2259 2222 2473 2249 2003 2379 2599 2110 2417 2522 1941 2221 2252 2189 2501 2415 1954 2177 2572 2571 2163 2232 2325 2432 2367 1913 2530 2355 2155 2096 2029 2226 2525 2543 2345 1923 2185 2031 2637 2480 2568 2305 2065 2413 1718 2610 136 2347 2605 2310 2635 2416 1969 2366 2557 2205 2362 2211 2389 2312 2209 2208 74 2242 2145 1944 1952 2400 2141 2296 2531 2425 2318 2272 2099 1964 2468 2406 2612 2581 2566 2641 2186 2298 2036 2270 2175 1912 2493 1982 2322 2085 2453 2452 2251 1820 2388 2256 2040 287 2048 2100 1974 2214 2632 2182 1915 2401 1965 2540 2116 1975 2066 2160 2291 2503 2265 3801 2197 2277 2113 2313 2041 2080 1988 2455 2248 1977 2523 2497 2474 1930 2459 2361 2008 2314 2231 2114 2514 2173 2130 2288 2412 2403 2371 2651 2162 2440 2360 2628 2091 2126 2120 2424 2009 2358 2317 1922 2397 2015 2640 1973 2107 2286 2230 2236 2443 1936 2082 2228 2448 1972 1934 2427 2577 1985 1999 2342 2587 1978 2119 2534 1921 2350 2260 2217 2618 2580 2656 2341 2049 2565 1960 2411 2023 2035 2070 2639 2644 2488 858 2548 2426 1990 1976 2316 1931 2157 2634 2538 2614 2225 2513 2238 2152 138 2004 1968 2444 2364 2335 2158 2659 2429 2193 2051 2583 1995 2166 2018 2022 2024 2466 2027 2658 2449 2636 2456 2171 2001 2129 2595 2387 2255 2170 2647 2365 2584 2517 2627 2462 2393 2447 2378 1935 1992 1951 1919 2097 2570 1991 2405 2450 2006 2210 2219 2192 2620 2337 2233 2146 2284 2657 2320 1957 2019 2486 2490 2159 2202 2645 2011 2234 2034 1937 2092 2067 2660 2000 2648 1956 2373 2266 2349 2303 1914 2560 1933 1928 2524 2142 2013 1980 2287 2089 2017 2061 2346 2181 1961 1927 2278 2324 2016 2562 1998 2058 2147 2207 2478 2585 2542 2506 2060 2622 692 1949 2551 2402 2489 691 2623 2050 1989 2014 2334 2069 2631 2439 2650 2055 2063 2536 2526 2025 2633 1942 2297 1925 2521 2354 2329 2606 2494 2184 2229 2395 2414 2442 2300 2646 1983 2237 2046 2575 2611 2392 2309 2561 2086 2563 2558 2573 2095 2078 2638 2482 2604 2056 2435 2109 2121 2469 2165 1996 2098 2626 2550 3955 2301 2428 2460 2123 2112 2348 2253 2630 1958 2240 2140 2150 2084 2574 2433 2602 2357 2507 2059 2556 2619 2090 1997 2370 2410 2124 2404 2244 2539 1971 2528 2308 1966 2615 2369 2600 2271 1938 2340 2446 2257 2654 2485 2076 2064 2624 2601 2043 2339 2564 2383 2546 2326 2212 2088 2103 2093 2593 2586 2484 2131 2323 2625 2363 2154 2464 2030 2376 2590 2520 2374 2262 2261 2108 2073 1918 2118 2559 1917 2352 1946 2206 1943 2381 2467 2492 2083 2331 602 2188 2306 2409 2299 2418 2005 2353 2201 2115 2607 2578 2423 2476 2576 1993 2275 2020 1962 1963 2276 2407 1979 2258 2045 2122 2227 147 2033 1984 2545 2430 2591 2621 2104 2505 2037 4022 2532 2552 2164 2172 2220 2021 2139 2499 2495 2218 2216 2579 356 2408 1950 2391 2554 2290 2213 2136 2380 2386 2553 2200 2356 1953 2179 2515 2422 2044 3489 1986 2077 2655 2549 2190 1929 2311 2074 2359 498 2500 2307 2535 911 2504 2477 2454 1924 1599 2842 860 2792 3992 90 2105 2012 3990 157 2613 2527 2281 49 2487 894 870 2245 2195 2375 37 2671 2263 120 2569 1395 2596 801 2269 2441 2204 3724 2431 335 333 2437 587 794 453 6 2481 2321 3848 3190 52 386 1792 191 476 2541 3483 3905 3639 3897 4011 740 562 2483 866 3662 3813 2094 1276 4028 2178 3987 1657 4025 3543 166 3816 3885 534 156 383 877 3893 788 1387 401 2776 255 3652 60 4006 2421 2167 3333 3983 3552 4001 871 162 1077 2457 2079 68 749 2805 3953 3996 1262 97 245 1046 411 895 3490 3949 3251 571 485 489 359 892 3744 279 3770 1967 230 3660 478 3513 2168 77 879 2470 150 33 154 996 676 761 3863 782 3745 3937 361 153 125 382 610 950 3083 3805 1697 3998 908 396 221 857 910 470 1203 3227 3928 3977 3575 1140 4005 3993 3735 1711 4015 2982 909 3546 3461 684 756 3457 1240 137 3063 3183 4 868 51 812 8 621 735 472 12 3952 593 3732 3638 1105 3960 3932 3565 1759 3676 298 1295 2798 3890 3986 1586 358 3012 1776 317 935 2382 3982 319 403 598 256 1414 3524 220 3325 131 3444 3560 112 4007 776 1560 3088 3249 3028 3479 3481 3606 1822 715 3531 3994 3504 881 474 4036 3716 3844 1119 4032 295 634 3665 3944 1762 81 201 585 42 103 124 1171 241 1252 2106 168 620 290 3230 3533 3447 1111 4017 70 310 17 3334 289 867 1264 646 1031 3935 3659 7 2801 354 3675 876 
[1001-5000]	1016	67766	0.064959	2293 2496 2239 2137 2156 2420 2267 2135 2148 2332 2372 2039 2597 2351 2338 2028 2567 2533 1920 2319 2138 2398 2302 2279 2629 2071 2594 2153 2555 2592 2183 2149 2068 2510 1465 2187 1959 2461 2087 2336 2292 2282 2054 2081 2333 2283 2111 1577 2384 2609 2465 2134 2315 547 2042 1994 2653 2643 1948 2053 2047 1932 2191 2196 1955 2194 2516 2330 2052 2010 2458 2508 2385 2144 1945 2180 2649 2032 2224 2463 2582 2127 2598 2247 2241 2254 2072 2436 2491 2273 2125 2589 2199 2327 2169 2617 2377 2509 1940 2343 2102 2588 2511 2203 2151 2471 2328 2547 2250 2128 2223 2002 2451 2295 2264 2616 2057 2294 2537 2434 1916 1947 2174 2117 2475 2246 2285 2344 2198 2399 2215 2608 2394 2445 1981 2161 2498 2368 2396 2642 1926 2038 2512 1939 2132 2304 1987 2176 2519 2502 1970 2289 2529 2143 2101 2026 2419 2133 2235 2472 2390 2652 2062 2280 2243 2544 2007 2274 2438 2518 2268 2479 2603 2075 2259 2222 2473 2249 2003 2379 2599 2110 2417 2522 1941 2221 2252 2189 2501 2415 1954 2177 2572 2571 2163 2232 2325 2432 2367 1913 2530 2355 2155 2096 2029 2226 2525 2543 2345 1923 2185 2031 2637 2480 2568 2305 2065 2413 1718 2610 136 2347 2605 2310 2635 2416 1969 2366 2557 2205 2362 2211 2389 2312 2209 2208 74 2242 2145 1944 1952 2400 2141 2296 2531 2425 2318 2272 2099 1964 2468 2406 2612 2581 2566 2641 2186 2298 2036 2270 2175 1912 2493 1982 2322 2085 2453 2452 2251 1820 2388 2256 2040 287 2048 2100 1974 2214 2632 2182 1915 2401 1965 2540 2116 1975 2066 2160 2291 2503 2265 3801 2197 2277 2113 2313 2041 2080 1988 2455 2248 1977 2523 2497 2474 1930 2459 2361 2008 2314 2231 2114 2514 2173 2130 2288 2412 2403 2371 2651 2162 2440 2360 2628 2091 2126 2120 2424 2009 2358 2317 1922 2397 2015 2640 1973 2107 2286 2230 2236 2443 1936 2082 2228 2448 1972 1934 2427 2577 1985 1999 2342 2587 1978 2119 2534 1921 2350 2260 2217 2618 2580 2656 2341 2049 2565 1960 2411 2023 2035 2070 2639 2644 2488 858 2548 2426 1990 1976 2316 1931 2157 2634 2538 2614 2225 2513 2238 2152 138 2004 1968 2444 2364 2335 2158 2659 2429 2193 2051 2583 1995 2166 2018 2022 2024 2466 2027 2658 2449 2636 2456 2171 2001 2129 2595 2387 2255 2170 2647 2365 2584 2517 2627 2462 2393 2447 2378 1935 1992 1951 1919 2097 2570 1991 2405 2450 2006 2210 2219 2192 2620 2337 2233 2146 2284 2657 2320 1957 2019 2486 2490 2159 2202 2645 2011 2234 2034 1937 2092 2067 2660 2000 2648 1956 2373 2266 2349 2303 1914 2560 1933 1928 2524 2142 2013 1980 2287 2089 2017 2061 2346 2181 1961 1927 2278 2324 2016 2562 1998 2058 2147 2207 2478 2585 2542 2506 2060 2622 692 1949 2551 2402 2489 691 2623 2050 1989 2014 2334 2069 2631 2439 2650 2055 2063 2536 2526 2025 2633 1942 2297 1925 2521 2354 2329 2606 2494 2184 2229 2395 2414 2442 2300 2646 1983 2237 2046 2575 2611 2392 2309 2561 2086 2563 2558 2573 2095 2078 2638 2482 2604 2056 2435 2109 2121 2469 2165 1996 2098 2626 2550 3955 2301 2428 2460 2123 2112 2348 2253 2630 1958 2240 2140 2150 2084 2574 2433 2602 2357 2507 2059 2556 2619 2090 1997 2370 2410 2124 2404 2244 2539 1971 2528 2308 1966 2615 2369 2600 2271 1938 2340 2446 2257 2654 2485 2076 2064 2624 2601 2043 2339 2564 2383 2546 2326 2212 2088 2103 2093 2593 2586 2484 2131 2323 2625 2363 2154 2464 2030 2376 2590 2520 2374 2262 2261 2108 2073 1918 2118 2559 1917 2352 1946 2206 1943 2381 2467 2492 2083 2331 602 2188 2306 2409 2299 2418 2005 2353 2201 2115 2607 2578 2423 2476 2576 1993 2275 2020 1962 1963 2276 2407 1979 2258 2045 2122 2227 147 2033 1984 2545 2430 2591 2621 2104 2505 2037 4022 2532 2552 2164 2172 2220 2021 2139 2499 2495 2218 2216 2579 356 2408 1950 2391 2554 2290 2213 2136 2380 2386 2553 2200 2356 1953 2179 2515 2422 2044 3489 1986 2077 2655 2549 2190 1929 2311 2074 2359 498 2500 2307 2535 911 2504 2477 2454 1924 1599 2842 860 2792 3992 90 2105 2012 3990 157 2613 2527 2281 49 2487 894 870 2245 2195 2375 37 2671 2263 120 2569 1395 2596 801 2269 2441 2204 3724 2431 335 333 2437 587 794 453 6 2481 2321 3848 3190 52 386 1792 191 476 2541 3483 3905 3639 3897 4011 740 562 2483 866 3662 3813 2094 1276 4028 2178 3987 1657 4025 3543 166 3816 3885 534 156 383 877 3893 788 1387 401 2776 255 3652 60 4006 2421 2167 3333 3983 3552 4001 871 162 1077 2457 2079 68 749 2805 3953 3996 1262 97 245 1046 411 895 3490 3949 3251 571 485 489 359 892 3744 279 3770 1967 230 3660 478 3513 2168 77 879 2470 150 33 154 996 676 761 3863 782 3745 3937 361 153 125 382 610 950 3083 3805 1697 3998 908 396 221 857 910 470 1203 3227 3928 3977 3575 1140 4005 3993 3735 1711 4015 2982 909 3546 3461 684 756 3457 1240 137 3063 3183 4 868 51 812 8 621 735 472 12 3952 593 3732 3638 1105 3960 3932 3565 1759 3676 298 1295 2798 3890 3986 1586 358 3012 1776 317 935 2382 3982 319 403 598 256 1414 3524 220 3325 131 3444 3560 112 4007 776 1560 3088 3249 3028 3479 3481 3606 1822 715 3531 3994 3504 881 474 4036 3716 3844 1119 4032 295 634 3665 3944 1762 81 201 585 42 103 124 1171 241 1252 2106 168 620 290 3230 3533 3447 1111 4017 70 310 17 3334 289 867 1264 646 1031 3935 3659 7 2801 354 3675 
[1001-5000]	1015	67749	0.064783	2293 2496 2239 2137 2156 2420 2267 2135 2148 2332 2372 2039 2597 2351 2338 2028 2567 2533 1920 2319 2138 2398 2302 2279 2629 2071 2594 2153 2555 2592 2183 2149 2068 2510 1465 2187 1959 2461 2087 2336 2292 2282 2054 2081 2333 2283 2111 1577 2384 2609 2465 2134 2315 547 2042 1994 2653 2643 1948 2053 2047 1932 2191 2196 1955 2194 2516 2330 2052 2010 2458 2508 2385 2144 1945 2180 2649 2032 2224 2463 2582 2127 2598 2247 2241 2254 2072 2436 2491 2273 2125 2589 2199 2327 2169 2617 2377 2509 1940 2343 2102 2588 2511 2203 2151 2471 2328 2547 2250 2128 2223 2002 2451 2295 2264 2616 2057 2294 2537 2434 1916 1947 2174 2117 2475 2246 2285 2344 2198 2399 2215 2608 2394 2445 1981 2161 2498 2368 2396 2642 1926 2038 2512 1939 2132 2304 1987 2176 2519 2502 1970 2289 2529 2143 2101 2026 2419 2133 2235 2472 2390 2652 2062 2280 2243 2544 2007 2274 2438 2518 2268 2479 2603 2075 2259 2222 2473 2249 2003 2379 2599 2110 2417 2522 1941 2221 2252 2189 2501 2415 1954 2177 2572 2571 2163 2232 2325 2432 2367 1913 2530 2355 2155 2096 2029 2226 2525 2543 2345 1923 2185 2031 2637 2480 2568 2305 2065 2413 1718 2610 136 2347 2605 2310 2635 2416 1969 2366 2557 2205 2362 2211 2389 2312 2209 2208 74 2242 2145 1944 1952 2400 2141 2296 2531 2425 2318 2272 2099 1964 2468 2406 2612 2581 2566 2641 2186 2298 2036 2270 2175 1912 2493 1982 2322 2085 2453 2452 2251 1820 2388 2256 2040 287 2048 2100 1974 2214 2632 2182 1915 2401 1965 2540 2116 1975 2066 2160 2291 2503 2265 3801 2197 2277 2113 2313 2041 2080 1988 2455 2248 1977 2523 2497 2474 1930 2459 2361 2008 2314 2231 2114 2514 2173 2130 2288 2412 2403 2371 2651 2162 2440 2360 2628 2091 2126 2120 2424 2009 2358 2317 1922 2397 2015 2640 1973 2107 2286 2230 2236 2443 1936 2082 2228 2448 1972 1934 2427 2577 1985 1999 2342 2587 1978 2119 2534 1921 2350 2260 2217 2618 2580 2656 2341 2049 2565 1960 2411 2023 2035 2070 2639 2644 2488 858 2548 2426 1990 1976 2316 1931 2157 2634 2538 2614 2225 2513 2238 2152 138 2004 1968 2444 2364 2335 2158 2659 2429 2193 2051 2583 1995 2166 2018 2022 2024 2466 2027 2658 2449 2636 2456 2171 2001 2129 2595 2387 2255 2170 2647 2365 2584 2517 2627 2462 2393 2447 2378 1935 1992 1951 1919 2097 2570 1991 2405 2450 2006 2210 2219 2192 2620 2337 2233 2146 2284 2657 2320 1957 2019 2486 2490 2159 2202 2645 2011 2234 2034 1937 2092 2067 2660 2000 2648 1956 2373 2266 2349 2303 1914 2560 1933 1928 2524 2142 2013 1980 2287 2089 2017 2061 2346 2181 1961 1927 2278 2324 2016 2562 1998 2058 2147 2207 2478 2585 2542 2506 2060 2622 692 1949 2551 2402 2489 691 2623 2050 1989 2014 2334 2069 2631 2439 2650 2055 2063 2536 2526 2025 2633 1942 2297 1925 2521 2354 2329 2606 2494 2184 2229 2395 2414 2442 2300 2646 1983 2237 2046 2575 2611 2392 2309 2561 2086 2563 2558 2573 2095 2078 2638 2482 2604 2056 2435 2109 2121 2469 2165 1996 2098 2626 2550 3955 2301 2428 2460 2123 2112 2348 2253 2630 1958 2240 2140 2150 2084 2574 2433 2602 2357 2507 2059 2556 2619 2090 1997 2370 2410 2124 2404 2244 2539 1971 2528 2308 1966 2615 2369 2600 2271 1938 2340 2446 2257 2654 2485 2076 2064 2624 2601 2043 2339 2564 2383 2546 2326 2212 2088 2103 2093 2593 2586 2484 2131 2323 2625 2363 2154 2464 2030 2376 2590 2520 2374 2262 2261 2108 2073 1918 2118 2559 1917 2352 1946 2206 1943 2381 2467 2492 2083 2331 602 2188 2306 2409 2299 2418 2005 2353 2201 2115 2607 2578 2423 2476 2576 1993 2275 2020 1962 1963 2276 2407 1979 2258 2045 2122 2227 147 2033 1984 2545 2430 2591 2621 2104 2505 2037 4022 2532 2552 2164 2172 2220 2021 2139 2499 2495 2218 2216 2579 356 2408 1950 2391 2554 2290 2213 2136 2380 2386 2553 2200 2356 1953 2179 2515 2422 2044 3489 1986 2077 2655 2549 2190 1929 2311 2074 2359 498 2500 2307 2535 911 2504 2477 2454 1924 1599 2842 860 2792 3992 90 2105 2012 3990 157 2613 2527 2281 49 2487 894 870 2245 2195 2375 37 2671 2263 120 2569 1395 2596 801 2269 2441 2204 3724 2431 335 333 2437 587 794 453 6 2481 2321 3848 3190 52 386 1792 191 476 2541 3483 3905 3639 3897 4011 740 562 2483 866 3662 3813 2094 1276 4028 2178 3987 1657 4025 3543 166 3816 3885 534 156 383 877 3893 788 1387 401 2776 255 3652 60 4006 2421 2167 3333 3983 3552 4001 871 162 1077 2457 2079 68 749 2805 3953 3996 1262 97 245 1046 411 895 3490 3949 3251 571 485 489 359 892 3744 279 3770 1967 230 3660 478 3513 2168 77 879 2470 150 33 154 996 676 761 3863 782 3745 3937 361 153 125 382 610 950 3083 3805 1697 3998 908 396 221 857 910 470 1203 3227 3928 3977 3575 1140 4005 3993 3735 1711 4015 2982 909 3546 3461 684 756 3457 1240 137 3063 3183 4 868 51 812 8 621 735 472 12 3952 593 3732 3638 1105 3960 3932 3565 1759 3676 298 1295 2798 3890 3986 1586 358 3012 1776 317 935 2382 3982 319 403 598 256 1414 3524 220 3325 131 3444 3560 112 4007 776 1560 3088 3249 3028 3479 3481 3606 1822 715 3531 3994 3504 881 474 4036 3716 3844 1119 4032 295 634 3665 3944 1762 81 201 585 42 103 124 1171 241 1252 2106 168 620 290 3230 3533 3447 1111 4017 70 310 17 3334 289 867 1264 646 1031 3935 3659 7 2801 354 
[1001-5000]	1014	67720	0.064649	2293 2496 2239 2137 2156 2420 2267 2135 2148 2332 2372 2039 2597 2351 2338 2028 2567 2533 1920 2319 2138 2398 2302 2279 2629 2071 2594 2153 2555 2592 2183 2149 2068 2510 1465 2187 1959 2461 2087 2336 2292 2282 2054 2081 2333 2283 2111 1577 2384 2609 2465 2134 2315 547 2042 1994 2653 2643 1948 2053 2047 1932 2191 2196 1955 2194 2516 2330 2052 2010 2458 2508 2385 2144 1945 2180 2649 2032 2224 2463 2582 2127 2598 2247 2241 2254 2072 2436 2491 2273 2125 2589 2199 2327 2169 2617 2377 2509 1940 2343 2102 2588 2511 2203 2151 2471 2328 2547 2250 2128 2223 2002 2451 2295 2264 2616 2057 2294 2537 2434 1916 1947 2174 2117 2475 2246 2285 2344 2198 2399 2215 2608 2394 2445 1981 2161 2498 2368 2396 2642 1926 2038 2512 1939 2132 2304 1987 2176 2519 2502 1970 2289 2529 2143 2101 2026 2419 2133 2235 2472 2390 2652 2062 2280 2243 2544 2007 2274 2438 2518 2268 2479 2603 2075 2259 2222 2473 2249 2003 2379 2599 2110 2417 2522 1941 2221 2252 2189 2501 2415 1954 2177 2572 2571 2163 2232 2325 2432 2367 1913 2530 2355 2155 2096 2029 2226 2525 2543 2345 1923 2185 2031 2637 2480 2568 2305 2065 2413 1718 2610 136 2347 2605 2310 2635 2416 1969 2366 2557 2205 2362 2211 2389 2312 2209 2208 74 2242 2145 1944 1952 2400 2141 2296 2531 2425 2318 2272 2099 1964 2468 2406 2612 2581 2566 2641 2186 2298 2036 2270 2175 1912 2493 1982 2322 2085 2453 2452 2251 1820 2388 2256 2040 287 2048 2100 1974 2214 2632 2182 1915 2401 1965 2540 2116 1975 2066 2160 2291 2503 2265 3801 2197 2277 2113 2313 2041 2080 1988 2455 2248 1977 2523 2497 2474 1930 2459 2361 2008 2314 2231 2114 2514 2173 2130 2288 2412 2403 2371 2651 2162 2440 2360 2628 2091 2126 2120 2424 2009 2358 2317 1922 2397 2015 2640 1973 2107 2286 2230 2236 2443 1936 2082 2228 2448 1972 1934 2427 2577 1985 1999 2342 2587 1978 2119 2534 1921 2350 2260 2217 2618 2580 2656 2341 2049 2565 1960 2411 2023 2035 2070 2639 2644 2488 858 2548 2426 1990 1976 2316 1931 2157 2634 2538 2614 2225 2513 2238 2152 138 2004 1968 2444 2364 2335 2158 2659 2429 2193 2051 2583 1995 2166 2018 2022 2024 2466 2027 2658 2449 2636 2456 2171 2001 2129 2595 2387 2255 2170 2647 2365 2584 2517 2627 2462 2393 2447 2378 1935 1992 1951 1919 2097 2570 1991 2405 2450 2006 2210 2219 2192 2620 2337 2233 2146 2284 2657 2320 1957 2019 2486 2490 2159 2202 2645 2011 2234 2034 1937 2092 2067 2660 2000 2648 1956 2373 2266 2349 2303 1914 2560 1933 1928 2524 2142 2013 1980 2287 2089 2017 2061 2346 2181 1961 1927 2278 2324 2016 2562 1998 2058 2147 2207 2478 2585 2542 2506 2060 2622 692 1949 2551 2402 2489 691 2623 2050 1989 2014 2334 2069 2631 2439 2650 2055 2063 2536 2526 2025 2633 1942 2297 1925 2521 2354 2329 2606 2494 2184 2229 2395 2414 2442 2300 2646 1983 2237 2046 2575 2611 2392 2309 2561 2086 2563 2558 2573 2095 2078 2638 2482 2604 2056 2435 2109 2121 2469 2165 1996 2098 2626 2550 3955 2301 2428 2460 2123 2112 2348 2253 2630 1958 2240 2140 2150 2084 2574 2433 2602 2357 2507 2059 2556 2619 2090 1997 2370 2410 2124 2404 2244 2539 1971 2528 2308 1966 2615 2369 2600 2271 1938 2340 2446 2257 2654 2485 2076 2064 2624 2601 2043 2339 2564 2383 2546 2326 2212 2088 2103 2093 2593 2586 2484 2131 2323 2625 2363 2154 2464 2030 2376 2590 2520 2374 2262 2261 2108 2073 1918 2118 2559 1917 2352 1946 2206 1943 2381 2467 2492 2083 2331 602 2188 2306 2409 2299 2418 2005 2353 2201 2115 2607 2578 2423 2476 2576 1993 2275 2020 1962 1963 2276 2407 1979 2258 2045 2122 2227 147 2033 1984 2545 2430 2591 2621 2104 2505 2037 4022 2532 2552 2164 2172 2220 2021 2139 2499 2495 2218 2216 2579 356 2408 1950 2391 2554 2290 2213 2136 2380 2386 2553 2200 2356 1953 2179 2515 2422 2044 3489 1986 2077 2655 2549 2190 1929 2311 2074 2359 498 2500 2307 2535 911 2504 2477 2454 1924 1599 2842 860 2792 3992 90 2105 2012 3990 157 2613 2527 2281 49 2487 894 870 2245 2195 2375 37 2671 2263 120 2569 1395 2596 801 2269 2441 2204 3724 2431 335 333 2437 587 794 453 6 2481 2321 3848 3190 52 386 1792 191 476 2541 3483 3905 3639 3897 4011 740 562 2483 866 3662 3813 2094 1276 4028 2178 3987 1657 4025 3543 166 3816 3885 534 156 383 877 3893 788 1387 401 2776 255 3652 60 4006 2421 2167 3333 3983 3552 4001 871 162 1077 2457 2079 68 749 2805 3953 3996 1262 97 245 1046 411 895 3490 3949 3251 571 485 489 359 892 3744 279 3770 1967 230 3660 478 3513 2168 77 879 2470 150 33 154 996 676 761 3863 782 3745 3937 361 153 125 382 610 950 3083 3805 1697 3998 908 396 221 857 910 470 1203 3227 3928 3977 3575 1140 4005 3993 3735 1711 4015 2982 909 3546 3461 684 756 3457 1240 137 3063 3183 4 868 51 812 8 621 735 472 12 3952 593 3732 3638 1105 3960 3932 3565 1759 3676 298 1295 2798 3890 3986 1586 358 3012 1776 317 935 2382 3982 319 403 598 256 1414 3524 220 3325 131 3444 3560 112 4007 776 1560 3088 3249 3028 3479 3481 3606 1822 715 3531 3994 3504 881 474 4036 3716 3844 1119 4032 295 634 3665 3944 1762 81 201 585 42 103 124 1171 241 1252 2106 168 620 290 3230 3533 3447 1111 4017 70 310 17 3334 289 867 1264 646 1031 3935 3659 7 2801 
[1001-5000]	1013	67706	0.064485	2293 2496 2239 2137 2156 2420 2267 2135 2148 2332 2372 2039 2597 2351 2338 2028 2567 2533 1920 2319 2138 2398 2302 2279 2629 2071 2594 2153 2555 2592 2183 2149 2068 2510 1465 2187 1959 2461 2087 2336 2292 2282 2054 2081 2333 2283 2111 1577 2384 2609 2465 2134 2315 547 2042 1994 2653 2643 1948 2053 2047 1932 2191 2196 1955 2194 2516 2330 2052 2010 2458 2508 2385 2144 1945 2180 2649 2032 2224 2463 2582 2127 2598 2247 2241 2254 2072 2436 2491 2273 2125 2589 2199 2327 2169 2617 2377 2509 1940 2343 2102 2588 2511 2203 2151 2471 2328 2547 2250 2128 2223 2002 2451 2295 2264 2616 2057 2294 2537 2434 1916 1947 2174 2117 2475 2246 2285 2344 2198 2399 2215 2608 2394 2445 1981 2161 2498 2368 2396 2642 1926 2038 2512 1939 2132 2304 1987 2176 2519 2502 1970 2289 2529 2143 2101 2026 2419 2133 2235 2472 2390 2652 2062 2280 2243 2544 2007 2274 2438 2518 2268 2479 2603 2075 2259 2222 2473 2249 2003 2379 2599 2110 2417 2522 1941 2221 2252 2189 2501 2415 1954 2177 2572 2571 2163 2232 2325 2432 2367 1913 2530 2355 2155 2096 2029 2226 2525 2543 2345 1923 2185 2031 2637 2480 2568 2305 2065 2413 1718 2610 136 2347 2605 2310 2635 2416 1969 2366 2557 2205 2362 2211 2389 2312 2209 2208 74 2242 2145 1944 1952 2400 2141 2296 2531 2425 2318 2272 2099 1964 2468 2406 2612 2581 2566 2641 2186 2298 2036 2270 2175 1912 2493 1982 2322 2085 2453 2452 2251 1820 2388 2256 2040 287 2048 2100 1974 2214 2632 2182 1915 2401 1965 2540 2116 1975 2066 2160 2291 2503 2265 3801 2197 2277 2113 2313 2041 2080 1988 2455 2248 1977 2523 2497 2474 1930 2459 2361 2008 2314 2231 2114 2514 2173 2130 2288 2412 2403 2371 2651 2162 2440 2360 2628 2091 2126 2120 2424 2009 2358 2317 1922 2397 2015 2640 1973 2107 2286 2230 2236 2443 1936 2082 2228 2448 1972 1934 2427 2577 1985 1999 2342 2587 1978 2119 2534 1921 2350 2260 2217 2618 2580 2656 2341 2049 2565 1960 2411 2023 2035 2070 2639 2644 2488 858 2548 2426 1990 1976 2316 1931 2157 2634 2538 2614 2225 2513 2238 2152 138 2004 1968 2444 2364 2335 2158 2659 2429 2193 2051 2583 1995 2166 2018 2022 2024 2466 2027 2658 2449 2636 2456 2171 2001 2129 2595 2387 2255 2170 2647 2365 2584 2517 2627 2462 2393 2447 2378 1935 1992 1951 1919 2097 2570 1991 2405 2450 2006 2210 2219 2192 2620 2337 2233 2146 2284 2657 2320 1957 2019 2486 2490 2159 2202 2645 2011 2234 2034 1937 2092 2067 2660 2000 2648 1956 2373 2266 2349 2303 1914 2560 1933 1928 2524 2142 2013 1980 2287 2089 2017 2061 2346 2181 1961 1927 2278 2324 2016 2562 1998 2058 2147 2207 2478 2585 2542 2506 2060 2622 692 1949 2551 2402 2489 691 2623 2050 1989 2014 2334 2069 2631 2439 2650 2055 2063 2536 2526 2025 2633 1942 2297 1925 2521 2354 2329 2606 2494 2184 2229 2395 2414 2442 2300 2646 1983 2237 2046 2575 2611 2392 2309 2561 2086 2563 2558 2573 2095 2078 2638 2482 2604 2056 2435 2109 2121 2469 2165 1996 2098 2626 2550 3955 2301 2428 2460 2123 2112 2348 2253 2630 1958 2240 2140 2150 2084 2574 2433 2602 2357 2507 2059 2556 2619 2090 1997 2370 2410 2124 2404 2244 2539 1971 2528 2308 1966 2615 2369 2600 2271 1938 2340 2446 2257 2654 2485 2076 2064 2624 2601 2043 2339 2564 2383 2546 2326 2212 2088 2103 2093 2593 2586 2484 2131 2323 2625 2363 2154 2464 2030 2376 2590 2520 2374 2262 2261 2108 2073 1918 2118 2559 1917 2352 1946 2206 1943 2381 2467 2492 2083 2331 602 2188 2306 2409 2299 2418 2005 2353 2201 2115 2607 2578 2423 2476 2576 1993 2275 2020 1962 1963 2276 2407 1979 2258 2045 2122 2227 147 2033 1984 2545 2430 2591 2621 2104 2505 2037 4022 2532 2552 2164 2172 2220 2021 2139 2499 2495 2218 2216 2579 356 2408 1950 2391 2554 2290 2213 2136 2380 2386 2553 2200 2356 1953 2179 2515 2422 2044 3489 1986 2077 2655 2549 2190 1929 2311 2074 2359 498 2500 2307 2535 911 2504 2477 2454 1924 1599 2842 860 2792 3992 90 2105 2012 3990 157 2613 2527 2281 49 2487 894 870 2245 2195 2375 37 2671 2263 120 2569 1395 2596 801 2269 2441 2204 3724 2431 335 333 2437 587 794 453 6 2481 2321 3848 3190 52 386 1792 191 476 2541 3483 3905 3639 3897 4011 740 562 2483 866 3662 3813 2094 1276 4028 2178 3987 1657 4025 3543 166 3816 3885 534 156 383 877 3893 788 1387 401 2776 255 3652 60 4006 2421 2167 3333 3983 3552 4001 871 162 1077 2457 2079 68 749 2805 3953 3996 1262 97 245 1046 411 895 3490 3949 3251 571 485 489 359 892 3744 279 3770 1967 230 3660 478 3513 2168 77 879 2470 150 33 154 996 676 761 3863 782 3745 3937 361 153 125 382 610 950 3083 3805 1697 3998 908 396 221 857 910 470 1203 3227 3928 3977 3575 1140 4005 3993 3735 1711 4015 2982 909 3546 3461 684 756 3457 1240 137 3063 3183 4 868 51 812 8 621 735 472 12 3952 593 3732 3638 1105 3960 3932 3565 1759 3676 298 1295 2798 3890 3986 1586 358 3012 1776 317 935 2382 3982 319 403 598 256 1414 3524 220 3325 131 3444 3560 112 4007 776 1560 3088 3249 3028 3479 3481 3606 1822 715 3531 3994 3504 881 474 4036 3716 3844 1119 4032 295 634 3665 3944 1762 81 201 585 42 103 124 1171 241 1252 2106 168 620 290 3230 3533 3447 1111 4017 70 310 17 3334 289 867 1264 646 1031 3935 3659 7 
[1001-5000]	1012	67685	0.064313	2293 2496 2239 2137 2156 2420 2267 2135 2148 2332 2372 2039 2597 2351 2338 2028 2567 2533 1920 2319 2138 2398 2302 2279 2629 2071 2594 2153 2555 2592 2183 2149 2068 2510 1465 2187 1959 2461 2087 2336 2292 2282 2054 2081 2333 2283 2111 1577 2384 2609 2465 2134 2315 547 2042 1994 2653 2643 1948 2053 2047 1932 2191 2196 1955 2194 2516 2330 2052 2010 2458 2508 2385 2144 1945 2180 2649 2032 2224 2463 2582 2127 2598 2247 2241 2254 2072 2436 2491 2273 2125 2589 2199 2327 2169 2617 2377 2509 1940 2343 2102 2588 2511 2203 2151 2471 2328 2547 2250 2128 2223 2002 2451 2295 2264 2616 2057 2294 2537 2434 1916 1947 2174 2117 2475 2246 2285 2344 2198 2399 2215 2608 2394 2445 1981 2161 2498 2368 2396 2642 1926 2038 2512 1939 2132 2304 1987 2176 2519 2502 1970 2289 2529 2143 2101 2026 2419 2133 2235 2472 2390 2652 2062 2280 2243 2544 2007 2274 2438 2518 2268 2479 2603 2075 2259 2222 2473 2249 2003 2379 2599 2110 2417 2522 1941 2221 2252 2189 2501 2415 1954 2177 2572 2571 2163 2232 2325 2432 2367 1913 2530 2355 2155 2096 2029 2226 2525 2543 2345 1923 2185 2031 2637 2480 2568 2305 2065 2413 1718 2610 136 2347 2605 2310 2635 2416 1969 2366 2557 2205 2362 2211 2389 2312 2209 2208 74 2242 2145 1944 1952 2400 2141 2296 2531 2425 2318 2272 2099 1964 2468 2406 2612 2581 2566 2641 2186 2298 2036 2270 2175 1912 2493 1982 2322 2085 2453 2452 2251 1820 2388 2256 2040 287 2048 2100 1974 2214 2632 2182 1915 2401 1965 2540 2116 1975 2066 2160 2291 2503 2265 3801 2197 2277 2113 2313 2041 2080 1988 2455 2248 1977 2523 2497 2474 1930 2459 2361 2008 2314 2231 2114 2514 2173 2130 2288 2412 2403 2371 2651 2162 2440 2360 2628 2091 2126 2120 2424 2009 2358 2317 1922 2397 2015 2640 1973 2107 2286 2230 2236 2443 1936 2082 2228 2448 1972 1934 2427 2577 1985 1999 2342 2587 1978 2119 2534 1921 2350 2260 2217 2618 2580 2656 2341 2049 2565 1960 2411 2023 2035 2070 2639 2644 2488 858 2548 2426 1990 1976 2316 1931 2157 2634 2538 2614 2225 2513 2238 2152 138 2004 1968 2444 2364 2335 2158 2659 2429 2193 2051 2583 1995 2166 2018 2022 2024 2466 2027 2658 2449 2636 2456 2171 2001 2129 2595 2387 2255 2170 2647 2365 2584 2517 2627 2462 2393 2447 2378 1935 1992 1951 1919 2097 2570 1991 2405 2450 2006 2210 2219 2192 2620 2337 2233 2146 2284 2657 2320 1957 2019 2486 2490 2159 2202 2645 2011 2234 2034 1937 2092 2067 2660 2000 2648 1956 2373 2266 2349 2303 1914 2560 1933 1928 2524 2142 2013 1980 2287 2089 2017 2061 2346 2181 1961 1927 2278 2324 2016 2562 1998 2058 2147 2207 2478 2585 2542 2506 2060 2622 692 1949 2551 2402 2489 691 2623 2050 1989 2014 2334 2069 2631 2439 2650 2055 2063 2536 2526 2025 2633 1942 2297 1925 2521 2354 2329 2606 2494 2184 2229 2395 2414 2442 2300 2646 1983 2237 2046 2575 2611 2392 2309 2561 2086 2563 2558 2573 2095 2078 2638 2482 2604 2056 2435 2109 2121 2469 2165 1996 2098 2626 2550 3955 2301 2428 2460 2123 2112 2348 2253 2630 1958 2240 2140 2150 2084 2574 2433 2602 2357 2507 2059 2556 2619 2090 1997 2370 2410 2124 2404 2244 2539 1971 2528 2308 1966 2615 2369 2600 2271 1938 2340 2446 2257 2654 2485 2076 2064 2624 2601 2043 2339 2564 2383 2546 2326 2212 2088 2103 2093 2593 2586 2484 2131 2323 2625 2363 2154 2464 2030 2376 2590 2520 2374 2262 2261 2108 2073 1918 2118 2559 1917 2352 1946 2206 1943 2381 2467 2492 2083 2331 602 2188 2306 2409 2299 2418 2005 2353 2201 2115 2607 2578 2423 2476 2576 1993 2275 2020 1962 1963 2276 2407 1979 2258 2045 2122 2227 147 2033 1984 2545 2430 2591 2621 2104 2505 2037 4022 2532 2552 2164 2172 2220 2021 2139 2499 2495 2218 2216 2579 356 2408 1950 2391 2554 2290 2213 2136 2380 2386 2553 2200 2356 1953 2179 2515 2422 2044 3489 1986 2077 2655 2549 2190 1929 2311 2074 2359 498 2500 2307 2535 911 2504 2477 2454 1924 1599 2842 860 2792 3992 90 2105 2012 3990 157 2613 2527 2281 49 2487 894 870 2245 2195 2375 37 2671 2263 120 2569 1395 2596 801 2269 2441 2204 3724 2431 335 333 2437 587 794 453 6 2481 2321 3848 3190 52 386 1792 191 476 2541 3483 3905 3639 3897 4011 740 562 2483 866 3662 3813 2094 1276 4028 2178 3987 1657 4025 3543 166 3816 3885 534 156 383 877 3893 788 1387 401 2776 255 3652 60 4006 2421 2167 3333 3983 3552 4001 871 162 1077 2457 2079 68 749 2805 3953 3996 1262 97 245 1046 411 895 3490 3949 3251 571 485 489 359 892 3744 279 3770 1967 230 3660 478 3513 2168 77 879 2470 150 33 154 996 676 761 3863 782 3745 3937 361 153 125 382 610 950 3083 3805 1697 3998 908 396 221 857 910 470 1203 3227 3928 3977 3575 1140 4005 3993 3735 1711 4015 2982 909 3546 3461 684 756 3457 1240 137 3063 3183 4 868 51 812 8 621 735 472 12 3952 593 3732 3638 1105 3960 3932 3565 1759 3676 298 1295 2798 3890 3986 1586 358 3012 1776 317 935 2382 3982 319 403 598 256 1414 3524 220 3325 131 3444 3560 112 4007 776 1560 3088 3249 3028 3479 3481 3606 1822 715 3531 3994 3504 881 474 4036 3716 3844 1119 4032 295 634 3665 3944 1762 81 201 585 42 103 124 1171 241 1252 2106 168 620 290 3230 3533 3447 1111 4017 70 310 17 3334 289 867 1264 646 1031 3935 3659 
[1001-5000]	1010	67666	0.064139	2293 2496 2239 2137 2156 2420 2267 2135 2148 2332 2372 2039 2597 2351 2338 2028 2567 2533 1920 2319 2138 2398 2302 2279 2629 2071 2594 2153 2555 2592 2183 2149 2068 2510 1465 2187 1959 2461 2087 2336 2292 2282 2054 2081 2333 2283 2111 1577 2384 2609 2465 2134 2315 547 2042 1994 2653 2643 1948 2053 2047 1932 2191 2196 1955 2194 2516 2330 2052 2010 2458 2508 2385 2144 1945 2180 2649 2032 2224 2463 2582 2127 2598 2247 2241 2254 2072 2436 2491 2273 2125 2589 2199 2327 2169 2617 2377 2509 1940 2343 2102 2588 2511 2203 2151 2471 2328 2547 2250 2128 2223 2002 2451 2295 2264 2616 2057 2294 2537 2434 1916 1947 2174 2117 2475 2246 2285 2344 2198 2399 2215 2608 2394 2445 1981 2161 2498 2368 2396 2642 1926 2038 2512 1939 2132 2304 1987 2176 2519 2502 1970 2289 2529 2143 2101 2026 2419 2133 2235 2472 2390 2652 2062 2280 2243 2544 2007 2274 2438 2518 2268 2479 2603 2075 2259 2222 2473 2249 2003 2379 2599 2110 2417 2522 1941 2221 2252 2189 2501 2415 1954 2177 2572 2571 2163 2232 2325 2432 2367 1913 2530 2355 2155 2096 2029 2226 2525 2543 2345 1923 2185 2031 2637 2480 2568 2305 2065 2413 1718 2610 136 2347 2605 2310 2635 2416 1969 2366 2557 2205 2362 2211 2389 2312 2209 2208 74 2242 2145 1944 1952 2400 2141 2296 2531 2425 2318 2272 2099 1964 2468 2406 2612 2581 2566 2641 2186 2298 2036 2270 2175 1912 2493 1982 2322 2085 2453 2452 2251 1820 2388 2256 2040 287 2048 2100 1974 2214 2632 2182 1915 2401 1965 2540 2116 1975 2066 2160 2291 2503 2265 3801 2197 2277 2113 2313 2041 2080 1988 2455 2248 1977 2523 2497 2474 1930 2459 2361 2008 2314 2231 2114 2514 2173 2130 2288 2412 2403 2371 2651 2162 2440 2360 2628 2091 2126 2120 2424 2009 2358 2317 1922 2397 2015 2640 1973 2107 2286 2230 2236 2443 1936 2082 2228 2448 1972 1934 2427 2577 1985 1999 2342 2587 1978 2119 2534 1921 2350 2260 2217 2618 2580 2656 2341 2049 2565 1960 2411 2023 2035 2070 2639 2644 2488 858 2548 2426 1990 1976 2316 1931 2157 2634 2538 2614 2225 2513 2238 2152 138 2004 1968 2444 2364 2335 2158 2659 2429 2193 2051 2583 1995 2166 2018 2022 2024 2466 2027 2658 2449 2636 2456 2171 2001 2129 2595 2387 2255 2170 2647 2365 2584 2517 2627 2462 2393 2447 2378 1935 1992 1951 1919 2097 2570 1991 2405 2450 2006 2210 2219 2192 2620 2337 2233 2146 2284 2657 2320 1957 2019 2486 2490 2159 2202 2645 2011 2234 2034 1937 2092 2067 2660 2000 2648 1956 2373 2266 2349 2303 1914 2560 1933 1928 2524 2142 2013 1980 2287 2089 2017 2061 2346 2181 1961 1927 2278 2324 2016 2562 1998 2058 2147 2207 2478 2585 2542 2506 2060 2622 692 1949 2551 2402 2489 691 2623 2050 1989 2014 2334 2069 2631 2439 2650 2055 2063 2536 2526 2025 2633 1942 2297 1925 2521 2354 2329 2606 2494 2184 2229 2395 2414 2442 2300 2646 1983 2237 2046 2575 2611 2392 2309 2561 2086 2563 2558 2573 2095 2078 2638 2482 2604 2056 2435 2109 2121 2469 2165 1996 2098 2626 2550 3955 2301 2428 2460 2123 2112 2348 2253 2630 1958 2240 2140 2150 2084 2574 2433 2602 2357 2507 2059 2556 2619 2090 1997 2370 2410 2124 2404 2244 2539 1971 2528 2308 1966 2615 2369 2600 2271 1938 2340 2446 2257 2654 2485 2076 2064 2624 2601 2043 2339 2564 2383 2546 2326 2212 2088 2103 2093 2593 2586 2484 2131 2323 2625 2363 2154 2464 2030 2376 2590 2520 2374 2262 2261 2108 2073 1918 2118 2559 1917 2352 1946 2206 1943 2381 2467 2492 2083 2331 602 2188 2306 2409 2299 2418 2005 2353 2201 2115 2607 2578 2423 2476 2576 1993 2275 2020 1962 1963 2276 2407 1979 2258 2045 2122 2227 147 2033 1984 2545 2430 2591 2621 2104 2505 2037 4022 2532 2552 2164 2172 2220 2021 2139 2499 2495 2218 2216 2579 356 2408 1950 2391 2554 2290 2213 2136 2380 2386 2553 2200 2356 1953 2179 2515 2422 2044 3489 1986 2077 2655 2549 2190 1929 2311 2074 2359 498 2500 2307 2535 911 2504 2477 2454 1924 1599 2842 860 2792 3992 90 2105 2012 3990 157 2613 2527 2281 49 2487 894 870 2245 2195 2375 37 2671 2263 120 2569 1395 2596 801 2269 2441 2204 3724 2431 335 333 2437 587 794 453 6 2481 2321 3848 3190 52 386 1792 191 476 2541 3483 3905 3639 3897 4011 740 562 2483 866 3662 3813 2094 1276 4028 2178 3987 1657 4025 3543 166 3816 3885 534 156 383 877 3893 788 1387 401 2776 255 3652 60 4006 2421 2167 3333 3983 3552 4001 871 162 1077 2457 2079 68 749 2805 3953 3996 1262 97 245 1046 411 895 3490 3949 3251 571 485 489 359 892 3744 279 3770 1967 230 3660 478 3513 2168 77 879 2470 150 33 154 996 676 761 3863 782 3745 3937 361 153 125 382 610 950 3083 3805 1697 3998 908 396 221 857 910 470 1203 3227 3928 3977 3575 1140 4005 3993 3735 1711 4015 2982 909 3546 3461 684 756 3457 1240 137 3063 3183 4 868 51 812 8 621 735 472 12 3952 593 3732 3638 1105 3960 3932 3565 1759 3676 298 1295 2798 3890 3986 1586 358 3012 1776 317 935 2382 3982 319 403 598 256 1414 3524 220 3325 131 3444 3560 112 4007 776 1560 3088 3249 3028 3479 3481 3606 1822 715 3531 3994 3504 881 474 4036 3716 3844 1119 4032 295 634 3665 3944 1762 81 201 585 42 103 124 1171 241 1252 2106 168 620 290 3230 3533 3447 1111 4017 70 310 17 3334 289 867 1264 646 1031 
[1001-5000]	1011	67670	0.064135	2293 2496 2239 2137 2156 2420 2267 2135 2148 2332 2372 2039 2597 2351 2338 2028 2567 2533 1920 2319 2138 2398 2302 2279 2629 2071 2594 2153 2555 2592 2183 2149 2068 2510 1465 2187 1959 2461 2087 2336 2292 2282 2054 2081 2333 2283 2111 1577 2384 2609 2465 2134 2315 547 2042 1994 2653 2643 1948 2053 2047 1932 2191 2196 1955 2194 2516 2330 2052 2010 2458 2508 2385 2144 1945 2180 2649 2032 2224 2463 2582 2127 2598 2247 2241 2254 2072 2436 2491 2273 2125 2589 2199 2327 2169 2617 2377 2509 1940 2343 2102 2588 2511 2203 2151 2471 2328 2547 2250 2128 2223 2002 2451 2295 2264 2616 2057 2294 2537 2434 1916 1947 2174 2117 2475 2246 2285 2344 2198 2399 2215 2608 2394 2445 1981 2161 2498 2368 2396 2642 1926 2038 2512 1939 2132 2304 1987 2176 2519 2502 1970 2289 2529 2143 2101 2026 2419 2133 2235 2472 2390 2652 2062 2280 2243 2544 2007 2274 2438 2518 2268 2479 2603 2075 2259 2222 2473 2249 2003 2379 2599 2110 2417 2522 1941 2221 2252 2189 2501 2415 1954 2177 2572 2571 2163 2232 2325 2432 2367 1913 2530 2355 2155 2096 2029 2226 2525 2543 2345 1923 2185 2031 2637 2480 2568 2305 2065 2413 1718 2610 136 2347 2605 2310 2635 2416 1969 2366 2557 2205 2362 2211 2389 2312 2209 2208 74 2242 2145 1944 1952 2400 2141 2296 2531 2425 2318 2272 2099 1964 2468 2406 2612 2581 2566 2641 2186 2298 2036 2270 2175 1912 2493 1982 2322 2085 2453 2452 2251 1820 2388 2256 2040 287 2048 2100 1974 2214 2632 2182 1915 2401 1965 2540 2116 1975 2066 2160 2291 2503 2265 3801 2197 2277 2113 2313 2041 2080 1988 2455 2248 1977 2523 2497 2474 1930 2459 2361 2008 2314 2231 2114 2514 2173 2130 2288 2412 2403 2371 2651 2162 2440 2360 2628 2091 2126 2120 2424 2009 2358 2317 1922 2397 2015 2640 1973 2107 2286 2230 2236 2443 1936 2082 2228 2448 1972 1934 2427 2577 1985 1999 2342 2587 1978 2119 2534 1921 2350 2260 2217 2618 2580 2656 2341 2049 2565 1960 2411 2023 2035 2070 2639 2644 2488 858 2548 2426 1990 1976 2316 1931 2157 2634 2538 2614 2225 2513 2238 2152 138 2004 1968 2444 2364 2335 2158 2659 2429 2193 2051 2583 1995 2166 2018 2022 2024 2466 2027 2658 2449 2636 2456 2171 2001 2129 2595 2387 2255 2170 2647 2365 2584 2517 2627 2462 2393 2447 2378 1935 1992 1951 1919 2097 2570 1991 2405 2450 2006 2210 2219 2192 2620 2337 2233 2146 2284 2657 2320 1957 2019 2486 2490 2159 2202 2645 2011 2234 2034 1937 2092 2067 2660 2000 2648 1956 2373 2266 2349 2303 1914 2560 1933 1928 2524 2142 2013 1980 2287 2089 2017 2061 2346 2181 1961 1927 2278 2324 2016 2562 1998 2058 2147 2207 2478 2585 2542 2506 2060 2622 692 1949 2551 2402 2489 691 2623 2050 1989 2014 2334 2069 2631 2439 2650 2055 2063 2536 2526 2025 2633 1942 2297 1925 2521 2354 2329 2606 2494 2184 2229 2395 2414 2442 2300 2646 1983 2237 2046 2575 2611 2392 2309 2561 2086 2563 2558 2573 2095 2078 2638 2482 2604 2056 2435 2109 2121 2469 2165 1996 2098 2626 2550 3955 2301 2428 2460 2123 2112 2348 2253 2630 1958 2240 2140 2150 2084 2574 2433 2602 2357 2507 2059 2556 2619 2090 1997 2370 2410 2124 2404 2244 2539 1971 2528 2308 1966 2615 2369 2600 2271 1938 2340 2446 2257 2654 2485 2076 2064 2624 2601 2043 2339 2564 2383 2546 2326 2212 2088 2103 2093 2593 2586 2484 2131 2323 2625 2363 2154 2464 2030 2376 2590 2520 2374 2262 2261 2108 2073 1918 2118 2559 1917 2352 1946 2206 1943 2381 2467 2492 2083 2331 602 2188 2306 2409 2299 2418 2005 2353 2201 2115 2607 2578 2423 2476 2576 1993 2275 2020 1962 1963 2276 2407 1979 2258 2045 2122 2227 147 2033 1984 2545 2430 2591 2621 2104 2505 2037 4022 2532 2552 2164 2172 2220 2021 2139 2499 2495 2218 2216 2579 356 2408 1950 2391 2554 2290 2213 2136 2380 2386 2553 2200 2356 1953 2179 2515 2422 2044 3489 1986 2077 2655 2549 2190 1929 2311 2074 2359 498 2500 2307 2535 911 2504 2477 2454 1924 1599 2842 860 2792 3992 90 2105 2012 3990 157 2613 2527 2281 49 2487 894 870 2245 2195 2375 37 2671 2263 120 2569 1395 2596 801 2269 2441 2204 3724 2431 335 333 2437 587 794 453 6 2481 2321 3848 3190 52 386 1792 191 476 2541 3483 3905 3639 3897 4011 740 562 2483 866 3662 3813 2094 1276 4028 2178 3987 1657 4025 3543 166 3816 3885 534 156 383 877 3893 788 1387 401 2776 255 3652 60 4006 2421 2167 3333 3983 3552 4001 871 162 1077 2457 2079 68 749 2805 3953 3996 1262 97 245 1046 411 895 3490 3949 3251 571 485 489 359 892 3744 279 3770 1967 230 3660 478 3513 2168 77 879 2470 150 33 154 996 676 761 3863 782 3745 3937 361 153 125 382 610 950 3083 3805 1697 3998 908 396 221 857 910 470 1203 3227 3928 3977 3575 1140 4005 3993 3735 1711 4015 2982 909 3546 3461 684 756 3457 1240 137 3063 3183 4 868 51 812 8 621 735 472 12 3952 593 3732 3638 1105 3960 3932 3565 1759 3676 298 1295 2798 3890 3986 1586 358 3012 1776 317 935 2382 3982 319 403 598 256 1414 3524 220 3325 131 3444 3560 112 4007 776 1560 3088 3249 3028 3479 3481 3606 1822 715 3531 3994 3504 881 474 4036 3716 3844 1119 4032 295 634 3665 3944 1762 81 201 585 42 103 124 1171 241 1252 2106 168 620 290 3230 3533 3447 1111 4017 70 310 17 3334 289 867 1264 646 1031 3935 
[1001-5000]	1009	67655	0.064046	2293 2496 2239 2137 2156 2420 2267 2135 2148 2332 2372 2039 2597 2351 2338 2028 2567 2533 1920 2319 2138 2398 2302 2279 2629 2071 2594 2153 2555 2592 2183 2149 2068 2510 1465 2187 1959 2461 2087 2336 2292 2282 2054 2081 2333 2283 2111 1577 2384 2609 2465 2134 2315 547 2042 1994 2653 2643 1948 2053 2047 1932 2191 2196 1955 2194 2516 2330 2052 2010 2458 2508 2385 2144 1945 2180 2649 2032 2224 2463 2582 2127 2598 2247 2241 2254 2072 2436 2491 2273 2125 2589 2199 2327 2169 2617 2377 2509 1940 2343 2102 2588 2511 2203 2151 2471 2328 2547 2250 2128 2223 2002 2451 2295 2264 2616 2057 2294 2537 2434 1916 1947 2174 2117 2475 2246 2285 2344 2198 2399 2215 2608 2394 2445 1981 2161 2498 2368 2396 2642 1926 2038 2512 1939 2132 2304 1987 2176 2519 2502 1970 2289 2529 2143 2101 2026 2419 2133 2235 2472 2390 2652 2062 2280 2243 2544 2007 2274 2438 2518 2268 2479 2603 2075 2259 2222 2473 2249 2003 2379 2599 2110 2417 2522 1941 2221 2252 2189 2501 2415 1954 2177 2572 2571 2163 2232 2325 2432 2367 1913 2530 2355 2155 2096 2029 2226 2525 2543 2345 1923 2185 2031 2637 2480 2568 2305 2065 2413 1718 2610 136 2347 2605 2310 2635 2416 1969 2366 2557 2205 2362 2211 2389 2312 2209 2208 74 2242 2145 1944 1952 2400 2141 2296 2531 2425 2318 2272 2099 1964 2468 2406 2612 2581 2566 2641 2186 2298 2036 2270 2175 1912 2493 1982 2322 2085 2453 2452 2251 1820 2388 2256 2040 287 2048 2100 1974 2214 2632 2182 1915 2401 1965 2540 2116 1975 2066 2160 2291 2503 2265 3801 2197 2277 2113 2313 2041 2080 1988 2455 2248 1977 2523 2497 2474 1930 2459 2361 2008 2314 2231 2114 2514 2173 2130 2288 2412 2403 2371 2651 2162 2440 2360 2628 2091 2126 2120 2424 2009 2358 2317 1922 2397 2015 2640 1973 2107 2286 2230 2236 2443 1936 2082 2228 2448 1972 1934 2427 2577 1985 1999 2342 2587 1978 2119 2534 1921 2350 2260 2217 2618 2580 2656 2341 2049 2565 1960 2411 2023 2035 2070 2639 2644 2488 858 2548 2426 1990 1976 2316 1931 2157 2634 2538 2614 2225 2513 2238 2152 138 2004 1968 2444 2364 2335 2158 2659 2429 2193 2051 2583 1995 2166 2018 2022 2024 2466 2027 2658 2449 2636 2456 2171 2001 2129 2595 2387 2255 2170 2647 2365 2584 2517 2627 2462 2393 2447 2378 1935 1992 1951 1919 2097 2570 1991 2405 2450 2006 2210 2219 2192 2620 2337 2233 2146 2284 2657 2320 1957 2019 2486 2490 2159 2202 2645 2011 2234 2034 1937 2092 2067 2660 2000 2648 1956 2373 2266 2349 2303 1914 2560 1933 1928 2524 2142 2013 1980 2287 2089 2017 2061 2346 2181 1961 1927 2278 2324 2016 2562 1998 2058 2147 2207 2478 2585 2542 2506 2060 2622 692 1949 2551 2402 2489 691 2623 2050 1989 2014 2334 2069 2631 2439 2650 2055 2063 2536 2526 2025 2633 1942 2297 1925 2521 2354 2329 2606 2494 2184 2229 2395 2414 2442 2300 2646 1983 2237 2046 2575 2611 2392 2309 2561 2086 2563 2558 2573 2095 2078 2638 2482 2604 2056 2435 2109 2121 2469 2165 1996 2098 2626 2550 3955 2301 2428 2460 2123 2112 2348 2253 2630 1958 2240 2140 2150 2084 2574 2433 2602 2357 2507 2059 2556 2619 2090 1997 2370 2410 2124 2404 2244 2539 1971 2528 2308 1966 2615 2369 2600 2271 1938 2340 2446 2257 2654 2485 2076 2064 2624 2601 2043 2339 2564 2383 2546 2326 2212 2088 2103 2093 2593 2586 2484 2131 2323 2625 2363 2154 2464 2030 2376 2590 2520 2374 2262 2261 2108 2073 1918 2118 2559 1917 2352 1946 2206 1943 2381 2467 2492 2083 2331 602 2188 2306 2409 2299 2418 2005 2353 2201 2115 2607 2578 2423 2476 2576 1993 2275 2020 1962 1963 2276 2407 1979 2258 2045 2122 2227 147 2033 1984 2545 2430 2591 2621 2104 2505 2037 4022 2532 2552 2164 2172 2220 2021 2139 2499 2495 2218 2216 2579 356 2408 1950 2391 2554 2290 2213 2136 2380 2386 2553 2200 2356 1953 2179 2515 2422 2044 3489 1986 2077 2655 2549 2190 1929 2311 2074 2359 498 2500 2307 2535 911 2504 2477 2454 1924 1599 2842 860 2792 3992 90 2105 2012 3990 157 2613 2527 2281 49 2487 894 870 2245 2195 2375 37 2671 2263 120 2569 1395 2596 801 2269 2441 2204 3724 2431 335 333 2437 587 794 453 6 2481 2321 3848 3190 52 386 1792 191 476 2541 3483 3905 3639 3897 4011 740 562 2483 866 3662 3813 2094 1276 4028 2178 3987 1657 4025 3543 166 3816 3885 534 156 383 877 3893 788 1387 401 2776 255 3652 60 4006 2421 2167 3333 3983 3552 4001 871 162 1077 2457 2079 68 749 2805 3953 3996 1262 97 245 1046 411 895 3490 3949 3251 571 485 489 359 892 3744 279 3770 1967 230 3660 478 3513 2168 77 879 2470 150 33 154 996 676 761 3863 782 3745 3937 361 153 125 382 610 950 3083 3805 1697 3998 908 396 221 857 910 470 1203 3227 3928 3977 3575 1140 4005 3993 3735 1711 4015 2982 909 3546 3461 684 756 3457 1240 137 3063 3183 4 868 51 812 8 621 735 472 12 3952 593 3732 3638 1105 3960 3932 3565 1759 3676 298 1295 2798 3890 3986 1586 358 3012 1776 317 935 2382 3982 319 403 598 256 1414 3524 220 3325 131 3444 3560 112 4007 776 1560 3088 3249 3028 3479 3481 3606 1822 715 3531 3994 3504 881 474 4036 3716 3844 1119 4032 295 634 3665 3944 1762 81 201 585 42 103 124 1171 241 1252 2106 168 620 290 3230 3533 3447 1111 4017 70 310 17 3334 289 867 1264 646 
[1001-5000]	1008	67640	0.063927	2293 2496 2239 2137 2156 2420 2267 2135 2148 2332 2372 2039 2597 2351 2338 2028 2567 2533 1920 2319 2138 2398 2302 2279 2629 2071 2594 2153 2555 2592 2183 2149 2068 2510 1465 2187 1959 2461 2087 2336 2292 2282 2054 2081 2333 2283 2111 1577 2384 2609 2465 2134 2315 547 2042 1994 2653 2643 1948 2053 2047 1932 2191 2196 1955 2194 2516 2330 2052 2010 2458 2508 2385 2144 1945 2180 2649 2032 2224 2463 2582 2127 2598 2247 2241 2254 2072 2436 2491 2273 2125 2589 2199 2327 2169 2617 2377 2509 1940 2343 2102 2588 2511 2203 2151 2471 2328 2547 2250 2128 2223 2002 2451 2295 2264 2616 2057 2294 2537 2434 1916 1947 2174 2117 2475 2246 2285 2344 2198 2399 2215 2608 2394 2445 1981 2161 2498 2368 2396 2642 1926 2038 2512 1939 2132 2304 1987 2176 2519 2502 1970 2289 2529 2143 2101 2026 2419 2133 2235 2472 2390 2652 2062 2280 2243 2544 2007 2274 2438 2518 2268 2479 2603 2075 2259 2222 2473 2249 2003 2379 2599 2110 2417 2522 1941 2221 2252 2189 2501 2415 1954 2177 2572 2571 2163 2232 2325 2432 2367 1913 2530 2355 2155 2096 2029 2226 2525 2543 2345 1923 2185 2031 2637 2480 2568 2305 2065 2413 1718 2610 136 2347 2605 2310 2635 2416 1969 2366 2557 2205 2362 2211 2389 2312 2209 2208 74 2242 2145 1944 1952 2400 2141 2296 2531 2425 2318 2272 2099 1964 2468 2406 2612 2581 2566 2641 2186 2298 2036 2270 2175 1912 2493 1982 2322 2085 2453 2452 2251 1820 2388 2256 2040 287 2048 2100 1974 2214 2632 2182 1915 2401 1965 2540 2116 1975 2066 2160 2291 2503 2265 3801 2197 2277 2113 2313 2041 2080 1988 2455 2248 1977 2523 2497 2474 1930 2459 2361 2008 2314 2231 2114 2514 2173 2130 2288 2412 2403 2371 2651 2162 2440 2360 2628 2091 2126 2120 2424 2009 2358 2317 1922 2397 2015 2640 1973 2107 2286 2230 2236 2443 1936 2082 2228 2448 1972 1934 2427 2577 1985 1999 2342 2587 1978 2119 2534 1921 2350 2260 2217 2618 2580 2656 2341 2049 2565 1960 2411 2023 2035 2070 2639 2644 2488 858 2548 2426 1990 1976 2316 1931 2157 2634 2538 2614 2225 2513 2238 2152 138 2004 1968 2444 2364 2335 2158 2659 2429 2193 2051 2583 1995 2166 2018 2022 2024 2466 2027 2658 2449 2636 2456 2171 2001 2129 2595 2387 2255 2170 2647 2365 2584 2517 2627 2462 2393 2447 2378 1935 1992 1951 1919 2097 2570 1991 2405 2450 2006 2210 2219 2192 2620 2337 2233 2146 2284 2657 2320 1957 2019 2486 2490 2159 2202 2645 2011 2234 2034 1937 2092 2067 2660 2000 2648 1956 2373 2266 2349 2303 1914 2560 1933 1928 2524 2142 2013 1980 2287 2089 2017 2061 2346 2181 1961 1927 2278 2324 2016 2562 1998 2058 2147 2207 2478 2585 2542 2506 2060 2622 692 1949 2551 2402 2489 691 2623 2050 1989 2014 2334 2069 2631 2439 2650 2055 2063 2536 2526 2025 2633 1942 2297 1925 2521 2354 2329 2606 2494 2184 2229 2395 2414 2442 2300 2646 1983 2237 2046 2575 2611 2392 2309 2561 2086 2563 2558 2573 2095 2078 2638 2482 2604 2056 2435 2109 2121 2469 2165 1996 2098 2626 2550 3955 2301 2428 2460 2123 2112 2348 2253 2630 1958 2240 2140 2150 2084 2574 2433 2602 2357 2507 2059 2556 2619 2090 1997 2370 2410 2124 2404 2244 2539 1971 2528 2308 1966 2615 2369 2600 2271 1938 2340 2446 2257 2654 2485 2076 2064 2624 2601 2043 2339 2564 2383 2546 2326 2212 2088 2103 2093 2593 2586 2484 2131 2323 2625 2363 2154 2464 2030 2376 2590 2520 2374 2262 2261 2108 2073 1918 2118 2559 1917 2352 1946 2206 1943 2381 2467 2492 2083 2331 602 2188 2306 2409 2299 2418 2005 2353 2201 2115 2607 2578 2423 2476 2576 1993 2275 2020 1962 1963 2276 2407 1979 2258 2045 2122 2227 147 2033 1984 2545 2430 2591 2621 2104 2505 2037 4022 2532 2552 2164 2172 2220 2021 2139 2499 2495 2218 2216 2579 356 2408 1950 2391 2554 2290 2213 2136 2380 2386 2553 2200 2356 1953 2179 2515 2422 2044 3489 1986 2077 2655 2549 2190 1929 2311 2074 2359 498 2500 2307 2535 911 2504 2477 2454 1924 1599 2842 860 2792 3992 90 2105 2012 3990 157 2613 2527 2281 49 2487 894 870 2245 2195 2375 37 2671 2263 120 2569 1395 2596 801 2269 2441 2204 3724 2431 335 333 2437 587 794 453 6 2481 2321 3848 3190 52 386 1792 191 476 2541 3483 3905 3639 3897 4011 740 562 2483 866 3662 3813 2094 1276 4028 2178 3987 1657 4025 3543 166 3816 3885 534 156 383 877 3893 788 1387 401 2776 255 3652 60 4006 2421 2167 3333 3983 3552 4001 871 162 1077 2457 2079 68 749 2805 3953 3996 1262 97 245 1046 411 895 3490 3949 3251 571 485 489 359 892 3744 279 3770 1967 230 3660 478 3513 2168 77 879 2470 150 33 154 996 676 761 3863 782 3745 3937 361 153 125 382 610 950 3083 3805 1697 3998 908 396 221 857 910 470 1203 3227 3928 3977 3575 1140 4005 3993 3735 1711 4015 2982 909 3546 3461 684 756 3457 1240 137 3063 3183 4 868 51 812 8 621 735 472 12 3952 593 3732 3638 1105 3960 3932 3565 1759 3676 298 1295 2798 3890 3986 1586 358 3012 1776 317 935 2382 3982 319 403 598 256 1414 3524 220 3325 131 3444 3560 112 4007 776 1560 3088 3249 3028 3479 3481 3606 1822 715 3531 3994 3504 881 474 4036 3716 3844 1119 4032 295 634 3665 3944 1762 81 201 585 42 103 124 1171 241 1252 2106 168 620 290 3230 3533 3447 1111 4017 70 310 17 3334 289 867 1264 
[1001-5000]	1007	67633	0.063889	2293 2496 2239 2137 2156 2420 2267 2135 2148 2332 2372 2039 2597 2351 2338 2028 2567 2533 1920 2319 2138 2398 2302 2279 2629 2071 2594 2153 2555 2592 2183 2149 2068 2510 1465 2187 1959 2461 2087 2336 2292 2282 2054 2081 2333 2283 2111 1577 2384 2609 2465 2134 2315 547 2042 1994 2653 2643 1948 2053 2047 1932 2191 2196 1955 2194 2516 2330 2052 2010 2458 2508 2385 2144 1945 2180 2649 2032 2224 2463 2582 2127 2598 2247 2241 2254 2072 2436 2491 2273 2125 2589 2199 2327 2169 2617 2377 2509 1940 2343 2102 2588 2511 2203 2151 2471 2328 2547 2250 2128 2223 2002 2451 2295 2264 2616 2057 2294 2537 2434 1916 1947 2174 2117 2475 2246 2285 2344 2198 2399 2215 2608 2394 2445 1981 2161 2498 2368 2396 2642 1926 2038 2512 1939 2132 2304 1987 2176 2519 2502 1970 2289 2529 2143 2101 2026 2419 2133 2235 2472 2390 2652 2062 2280 2243 2544 2007 2274 2438 2518 2268 2479 2603 2075 2259 2222 2473 2249 2003 2379 2599 2110 2417 2522 1941 2221 2252 2189 2501 2415 1954 2177 2572 2571 2163 2232 2325 2432 2367 1913 2530 2355 2155 2096 2029 2226 2525 2543 2345 1923 2185 2031 2637 2480 2568 2305 2065 2413 1718 2610 136 2347 2605 2310 2635 2416 1969 2366 2557 2205 2362 2211 2389 2312 2209 2208 74 2242 2145 1944 1952 2400 2141 2296 2531 2425 2318 2272 2099 1964 2468 2406 2612 2581 2566 2641 2186 2298 2036 2270 2175 1912 2493 1982 2322 2085 2453 2452 2251 1820 2388 2256 2040 287 2048 2100 1974 2214 2632 2182 1915 2401 1965 2540 2116 1975 2066 2160 2291 2503 2265 3801 2197 2277 2113 2313 2041 2080 1988 2455 2248 1977 2523 2497 2474 1930 2459 2361 2008 2314 2231 2114 2514 2173 2130 2288 2412 2403 2371 2651 2162 2440 2360 2628 2091 2126 2120 2424 2009 2358 2317 1922 2397 2015 2640 1973 2107 2286 2230 2236 2443 1936 2082 2228 2448 1972 1934 2427 2577 1985 1999 2342 2587 1978 2119 2534 1921 2350 2260 2217 2618 2580 2656 2341 2049 2565 1960 2411 2023 2035 2070 2639 2644 2488 858 2548 2426 1990 1976 2316 1931 2157 2634 2538 2614 2225 2513 2238 2152 138 2004 1968 2444 2364 2335 2158 2659 2429 2193 2051 2583 1995 2166 2018 2022 2024 2466 2027 2658 2449 2636 2456 2171 2001 2129 2595 2387 2255 2170 2647 2365 2584 2517 2627 2462 2393 2447 2378 1935 1992 1951 1919 2097 2570 1991 2405 2450 2006 2210 2219 2192 2620 2337 2233 2146 2284 2657 2320 1957 2019 2486 2490 2159 2202 2645 2011 2234 2034 1937 2092 2067 2660 2000 2648 1956 2373 2266 2349 2303 1914 2560 1933 1928 2524 2142 2013 1980 2287 2089 2017 2061 2346 2181 1961 1927 2278 2324 2016 2562 1998 2058 2147 2207 2478 2585 2542 2506 2060 2622 692 1949 2551 2402 2489 691 2623 2050 1989 2014 2334 2069 2631 2439 2650 2055 2063 2536 2526 2025 2633 1942 2297 1925 2521 2354 2329 2606 2494 2184 2229 2395 2414 2442 2300 2646 1983 2237 2046 2575 2611 2392 2309 2561 2086 2563 2558 2573 2095 2078 2638 2482 2604 2056 2435 2109 2121 2469 2165 1996 2098 2626 2550 3955 2301 2428 2460 2123 2112 2348 2253 2630 1958 2240 2140 2150 2084 2574 2433 2602 2357 2507 2059 2556 2619 2090 1997 2370 2410 2124 2404 2244 2539 1971 2528 2308 1966 2615 2369 2600 2271 1938 2340 2446 2257 2654 2485 2076 2064 2624 2601 2043 2339 2564 2383 2546 2326 2212 2088 2103 2093 2593 2586 2484 2131 2323 2625 2363 2154 2464 2030 2376 2590 2520 2374 2262 2261 2108 2073 1918 2118 2559 1917 2352 1946 2206 1943 2381 2467 2492 2083 2331 602 2188 2306 2409 2299 2418 2005 2353 2201 2115 2607 2578 2423 2476 2576 1993 2275 2020 1962 1963 2276 2407 1979 2258 2045 2122 2227 147 2033 1984 2545 2430 2591 2621 2104 2505 2037 4022 2532 2552 2164 2172 2220 2021 2139 2499 2495 2218 2216 2579 356 2408 1950 2391 2554 2290 2213 2136 2380 2386 2553 2200 2356 1953 2179 2515 2422 2044 3489 1986 2077 2655 2549 2190 1929 2311 2074 2359 498 2500 2307 2535 911 2504 2477 2454 1924 1599 2842 860 2792 3992 90 2105 2012 3990 157 2613 2527 2281 49 2487 894 870 2245 2195 2375 37 2671 2263 120 2569 1395 2596 801 2269 2441 2204 3724 2431 335 333 2437 587 794 453 6 2481 2321 3848 3190 52 386 1792 191 476 2541 3483 3905 3639 3897 4011 740 562 2483 866 3662 3813 2094 1276 4028 2178 3987 1657 4025 3543 166 3816 3885 534 156 383 877 3893 788 1387 401 2776 255 3652 60 4006 2421 2167 3333 3983 3552 4001 871 162 1077 2457 2079 68 749 2805 3953 3996 1262 97 245 1046 411 895 3490 3949 3251 571 485 489 359 892 3744 279 3770 1967 230 3660 478 3513 2168 77 879 2470 150 33 154 996 676 761 3863 782 3745 3937 361 153 125 382 610 950 3083 3805 1697 3998 908 396 221 857 910 470 1203 3227 3928 3977 3575 1140 4005 3993 3735 1711 4015 2982 909 3546 3461 684 756 3457 1240 137 3063 3183 4 868 51 812 8 621 735 472 12 3952 593 3732 3638 1105 3960 3932 3565 1759 3676 298 1295 2798 3890 3986 1586 358 3012 1776 317 935 2382 3982 319 403 598 256 1414 3524 220 3325 131 3444 3560 112 4007 776 1560 3088 3249 3028 3479 3481 3606 1822 715 3531 3994 3504 881 474 4036 3716 3844 1119 4032 295 634 3665 3944 1762 81 201 585 42 103 124 1171 241 1252 2106 168 620 290 3230 3533 3447 1111 4017 70 310 17 3334 289 867 
[1001-5000]	1006	67618	0.063829	2293 2496 2239 2137 2156 2420 2267 2135 2148 2332 2372 2039 2597 2351 2338 2028 2567 2533 1920 2319 2138 2398 2302 2279 2629 2071 2594 2153 2555 2592 2183 2149 2068 2510 1465 2187 1959 2461 2087 2336 2292 2282 2054 2081 2333 2283 2111 1577 2384 2609 2465 2134 2315 547 2042 1994 2653 2643 1948 2053 2047 1932 2191 2196 1955 2194 2516 2330 2052 2010 2458 2508 2385 2144 1945 2180 2649 2032 2224 2463 2582 2127 2598 2247 2241 2254 2072 2436 2491 2273 2125 2589 2199 2327 2169 2617 2377 2509 1940 2343 2102 2588 2511 2203 2151 2471 2328 2547 2250 2128 2223 2002 2451 2295 2264 2616 2057 2294 2537 2434 1916 1947 2174 2117 2475 2246 2285 2344 2198 2399 2215 2608 2394 2445 1981 2161 2498 2368 2396 2642 1926 2038 2512 1939 2132 2304 1987 2176 2519 2502 1970 2289 2529 2143 2101 2026 2419 2133 2235 2472 2390 2652 2062 2280 2243 2544 2007 2274 2438 2518 2268 2479 2603 2075 2259 2222 2473 2249 2003 2379 2599 2110 2417 2522 1941 2221 2252 2189 2501 2415 1954 2177 2572 2571 2163 2232 2325 2432 2367 1913 2530 2355 2155 2096 2029 2226 2525 2543 2345 1923 2185 2031 2637 2480 2568 2305 2065 2413 1718 2610 136 2347 2605 2310 2635 2416 1969 2366 2557 2205 2362 2211 2389 2312 2209 2208 74 2242 2145 1944 1952 2400 2141 2296 2531 2425 2318 2272 2099 1964 2468 2406 2612 2581 2566 2641 2186 2298 2036 2270 2175 1912 2493 1982 2322 2085 2453 2452 2251 1820 2388 2256 2040 287 2048 2100 1974 2214 2632 2182 1915 2401 1965 2540 2116 1975 2066 2160 2291 2503 2265 3801 2197 2277 2113 2313 2041 2080 1988 2455 2248 1977 2523 2497 2474 1930 2459 2361 2008 2314 2231 2114 2514 2173 2130 2288 2412 2403 2371 2651 2162 2440 2360 2628 2091 2126 2120 2424 2009 2358 2317 1922 2397 2015 2640 1973 2107 2286 2230 2236 2443 1936 2082 2228 2448 1972 1934 2427 2577 1985 1999 2342 2587 1978 2119 2534 1921 2350 2260 2217 2618 2580 2656 2341 2049 2565 1960 2411 2023 2035 2070 2639 2644 2488 858 2548 2426 1990 1976 2316 1931 2157 2634 2538 2614 2225 2513 2238 2152 138 2004 1968 2444 2364 2335 2158 2659 2429 2193 2051 2583 1995 2166 2018 2022 2024 2466 2027 2658 2449 2636 2456 2171 2001 2129 2595 2387 2255 2170 2647 2365 2584 2517 2627 2462 2393 2447 2378 1935 1992 1951 1919 2097 2570 1991 2405 2450 2006 2210 2219 2192 2620 2337 2233 2146 2284 2657 2320 1957 2019 2486 2490 2159 2202 2645 2011 2234 2034 1937 2092 2067 2660 2000 2648 1956 2373 2266 2349 2303 1914 2560 1933 1928 2524 2142 2013 1980 2287 2089 2017 2061 2346 2181 1961 1927 2278 2324 2016 2562 1998 2058 2147 2207 2478 2585 2542 2506 2060 2622 692 1949 2551 2402 2489 691 2623 2050 1989 2014 2334 2069 2631 2439 2650 2055 2063 2536 2526 2025 2633 1942 2297 1925 2521 2354 2329 2606 2494 2184 2229 2395 2414 2442 2300 2646 1983 2237 2046 2575 2611 2392 2309 2561 2086 2563 2558 2573 2095 2078 2638 2482 2604 2056 2435 2109 2121 2469 2165 1996 2098 2626 2550 3955 2301 2428 2460 2123 2112 2348 2253 2630 1958 2240 2140 2150 2084 2574 2433 2602 2357 2507 2059 2556 2619 2090 1997 2370 2410 2124 2404 2244 2539 1971 2528 2308 1966 2615 2369 2600 2271 1938 2340 2446 2257 2654 2485 2076 2064 2624 2601 2043 2339 2564 2383 2546 2326 2212 2088 2103 2093 2593 2586 2484 2131 2323 2625 2363 2154 2464 2030 2376 2590 2520 2374 2262 2261 2108 2073 1918 2118 2559 1917 2352 1946 2206 1943 2381 2467 2492 2083 2331 602 2188 2306 2409 2299 2418 2005 2353 2201 2115 2607 2578 2423 2476 2576 1993 2275 2020 1962 1963 2276 2407 1979 2258 2045 2122 2227 147 2033 1984 2545 2430 2591 2621 2104 2505 2037 4022 2532 2552 2164 2172 2220 2021 2139 2499 2495 2218 2216 2579 356 2408 1950 2391 2554 2290 2213 2136 2380 2386 2553 2200 2356 1953 2179 2515 2422 2044 3489 1986 2077 2655 2549 2190 1929 2311 2074 2359 498 2500 2307 2535 911 2504 2477 2454 1924 1599 2842 860 2792 3992 90 2105 2012 3990 157 2613 2527 2281 49 2487 894 870 2245 2195 2375 37 2671 2263 120 2569 1395 2596 801 2269 2441 2204 3724 2431 335 333 2437 587 794 453 6 2481 2321 3848 3190 52 386 1792 191 476 2541 3483 3905 3639 3897 4011 740 562 2483 866 3662 3813 2094 1276 4028 2178 3987 1657 4025 3543 166 3816 3885 534 156 383 877 3893 788 1387 401 2776 255 3652 60 4006 2421 2167 3333 3983 3552 4001 871 162 1077 2457 2079 68 749 2805 3953 3996 1262 97 245 1046 411 895 3490 3949 3251 571 485 489 359 892 3744 279 3770 1967 230 3660 478 3513 2168 77 879 2470 150 33 154 996 676 761 3863 782 3745 3937 361 153 125 382 610 950 3083 3805 1697 3998 908 396 221 857 910 470 1203 3227 3928 3977 3575 1140 4005 3993 3735 1711 4015 2982 909 3546 3461 684 756 3457 1240 137 3063 3183 4 868 51 812 8 621 735 472 12 3952 593 3732 3638 1105 3960 3932 3565 1759 3676 298 1295 2798 3890 3986 1586 358 3012 1776 317 935 2382 3982 319 403 598 256 1414 3524 220 3325 131 3444 3560 112 4007 776 1560 3088 3249 3028 3479 3481 3606 1822 715 3531 3994 3504 881 474 4036 3716 3844 1119 4032 295 634 3665 3944 1762 81 201 585 42 103 124 1171 241 1252 2106 168 620 290 3230 3533 3447 1111 4017 70 310 17 3334 289 
[1001-5000]	1005	67612	0.063805	2293 2496 2239 2137 2156 2420 2267 2135 2148 2332 2372 2039 2597 2351 2338 2028 2567 2533 1920 2319 2138 2398 2302 2279 2629 2071 2594 2153 2555 2592 2183 2149 2068 2510 1465 2187 1959 2461 2087 2336 2292 2282 2054 2081 2333 2283 2111 1577 2384 2609 2465 2134 2315 547 2042 1994 2653 2643 1948 2053 2047 1932 2191 2196 1955 2194 2516 2330 2052 2010 2458 2508 2385 2144 1945 2180 2649 2032 2224 2463 2582 2127 2598 2247 2241 2254 2072 2436 2491 2273 2125 2589 2199 2327 2169 2617 2377 2509 1940 2343 2102 2588 2511 2203 2151 2471 2328 2547 2250 2128 2223 2002 2451 2295 2264 2616 2057 2294 2537 2434 1916 1947 2174 2117 2475 2246 2285 2344 2198 2399 2215 2608 2394 2445 1981 2161 2498 2368 2396 2642 1926 2038 2512 1939 2132 2304 1987 2176 2519 2502 1970 2289 2529 2143 2101 2026 2419 2133 2235 2472 2390 2652 2062 2280 2243 2544 2007 2274 2438 2518 2268 2479 2603 2075 2259 2222 2473 2249 2003 2379 2599 2110 2417 2522 1941 2221 2252 2189 2501 2415 1954 2177 2572 2571 2163 2232 2325 2432 2367 1913 2530 2355 2155 2096 2029 2226 2525 2543 2345 1923 2185 2031 2637 2480 2568 2305 2065 2413 1718 2610 136 2347 2605 2310 2635 2416 1969 2366 2557 2205 2362 2211 2389 2312 2209 2208 74 2242 2145 1944 1952 2400 2141 2296 2531 2425 2318 2272 2099 1964 2468 2406 2612 2581 2566 2641 2186 2298 2036 2270 2175 1912 2493 1982 2322 2085 2453 2452 2251 1820 2388 2256 2040 287 2048 2100 1974 2214 2632 2182 1915 2401 1965 2540 2116 1975 2066 2160 2291 2503 2265 3801 2197 2277 2113 2313 2041 2080 1988 2455 2248 1977 2523 2497 2474 1930 2459 2361 2008 2314 2231 2114 2514 2173 2130 2288 2412 2403 2371 2651 2162 2440 2360 2628 2091 2126 2120 2424 2009 2358 2317 1922 2397 2015 2640 1973 2107 2286 2230 2236 2443 1936 2082 2228 2448 1972 1934 2427 2577 1985 1999 2342 2587 1978 2119 2534 1921 2350 2260 2217 2618 2580 2656 2341 2049 2565 1960 2411 2023 2035 2070 2639 2644 2488 858 2548 2426 1990 1976 2316 1931 2157 2634 2538 2614 2225 2513 2238 2152 138 2004 1968 2444 2364 2335 2158 2659 2429 2193 2051 2583 1995 2166 2018 2022 2024 2466 2027 2658 2449 2636 2456 2171 2001 2129 2595 2387 2255 2170 2647 2365 2584 2517 2627 2462 2393 2447 2378 1935 1992 1951 1919 2097 2570 1991 2405 2450 2006 2210 2219 2192 2620 2337 2233 2146 2284 2657 2320 1957 2019 2486 2490 2159 2202 2645 2011 2234 2034 1937 2092 2067 2660 2000 2648 1956 2373 2266 2349 2303 1914 2560 1933 1928 2524 2142 2013 1980 2287 2089 2017 2061 2346 2181 1961 1927 2278 2324 2016 2562 1998 2058 2147 2207 2478 2585 2542 2506 2060 2622 692 1949 2551 2402 2489 691 2623 2050 1989 2014 2334 2069 2631 2439 2650 2055 2063 2536 2526 2025 2633 1942 2297 1925 2521 2354 2329 2606 2494 2184 2229 2395 2414 2442 2300 2646 1983 2237 2046 2575 2611 2392 2309 2561 2086 2563 2558 2573 2095 2078 2638 2482 2604 2056 2435 2109 2121 2469 2165 1996 2098 2626 2550 3955 2301 2428 2460 2123 2112 2348 2253 2630 1958 2240 2140 2150 2084 2574 2433 2602 2357 2507 2059 2556 2619 2090 1997 2370 2410 2124 2404 2244 2539 1971 2528 2308 1966 2615 2369 2600 2271 1938 2340 2446 2257 2654 2485 2076 2064 2624 2601 2043 2339 2564 2383 2546 2326 2212 2088 2103 2093 2593 2586 2484 2131 2323 2625 2363 2154 2464 2030 2376 2590 2520 2374 2262 2261 2108 2073 1918 2118 2559 1917 2352 1946 2206 1943 2381 2467 2492 2083 2331 602 2188 2306 2409 2299 2418 2005 2353 2201 2115 2607 2578 2423 2476 2576 1993 2275 2020 1962 1963 2276 2407 1979 2258 2045 2122 2227 147 2033 1984 2545 2430 2591 2621 2104 2505 2037 4022 2532 2552 2164 2172 2220 2021 2139 2499 2495 2218 2216 2579 356 2408 1950 2391 2554 2290 2213 2136 2380 2386 2553 2200 2356 1953 2179 2515 2422 2044 3489 1986 2077 2655 2549 2190 1929 2311 2074 2359 498 2500 2307 2535 911 2504 2477 2454 1924 1599 2842 860 2792 3992 90 2105 2012 3990 157 2613 2527 2281 49 2487 894 870 2245 2195 2375 37 2671 2263 120 2569 1395 2596 801 2269 2441 2204 3724 2431 335 333 2437 587 794 453 6 2481 2321 3848 3190 52 386 1792 191 476 2541 3483 3905 3639 3897 4011 740 562 2483 866 3662 3813 2094 1276 4028 2178 3987 1657 4025 3543 166 3816 3885 534 156 383 877 3893 788 1387 401 2776 255 3652 60 4006 2421 2167 3333 3983 3552 4001 871 162 1077 2457 2079 68 749 2805 3953 3996 1262 97 245 1046 411 895 3490 3949 3251 571 485 489 359 892 3744 279 3770 1967 230 3660 478 3513 2168 77 879 2470 150 33 154 996 676 761 3863 782 3745 3937 361 153 125 382 610 950 3083 3805 1697 3998 908 396 221 857 910 470 1203 3227 3928 3977 3575 1140 4005 3993 3735 1711 4015 2982 909 3546 3461 684 756 3457 1240 137 3063 3183 4 868 51 812 8 621 735 472 12 3952 593 3732 3638 1105 3960 3932 3565 1759 3676 298 1295 2798 3890 3986 1586 358 3012 1776 317 935 2382 3982 319 403 598 256 1414 3524 220 3325 131 3444 3560 112 4007 776 1560 3088 3249 3028 3479 3481 3606 1822 715 3531 3994 3504 881 474 4036 3716 3844 1119 4032 295 634 3665 3944 1762 81 201 585 42 103 124 1171 241 1252 2106 168 620 290 3230 3533 3447 1111 4017 70 310 17 3334 
[1001-5000]	1004	67599	0.063655	2293 2496 2239 2137 2156 2420 2267 2135 2148 2332 2372 2039 2597 2351 2338 2028 2567 2533 1920 2319 2138 2398 2302 2279 2629 2071 2594 2153 2555 2592 2183 2149 2068 2510 1465 2187 1959 2461 2087 2336 2292 2282 2054 2081 2333 2283 2111 1577 2384 2609 2465 2134 2315 547 2042 1994 2653 2643 1948 2053 2047 1932 2191 2196 1955 2194 2516 2330 2052 2010 2458 2508 2385 2144 1945 2180 2649 2032 2224 2463 2582 2127 2598 2247 2241 2254 2072 2436 2491 2273 2125 2589 2199 2327 2169 2617 2377 2509 1940 2343 2102 2588 2511 2203 2151 2471 2328 2547 2250 2128 2223 2002 2451 2295 2264 2616 2057 2294 2537 2434 1916 1947 2174 2117 2475 2246 2285 2344 2198 2399 2215 2608 2394 2445 1981 2161 2498 2368 2396 2642 1926 2038 2512 1939 2132 2304 1987 2176 2519 2502 1970 2289 2529 2143 2101 2026 2419 2133 2235 2472 2390 2652 2062 2280 2243 2544 2007 2274 2438 2518 2268 2479 2603 2075 2259 2222 2473 2249 2003 2379 2599 2110 2417 2522 1941 2221 2252 2189 2501 2415 1954 2177 2572 2571 2163 2232 2325 2432 2367 1913 2530 2355 2155 2096 2029 2226 2525 2543 2345 1923 2185 2031 2637 2480 2568 2305 2065 2413 1718 2610 136 2347 2605 2310 2635 2416 1969 2366 2557 2205 2362 2211 2389 2312 2209 2208 74 2242 2145 1944 1952 2400 2141 2296 2531 2425 2318 2272 2099 1964 2468 2406 2612 2581 2566 2641 2186 2298 2036 2270 2175 1912 2493 1982 2322 2085 2453 2452 2251 1820 2388 2256 2040 287 2048 2100 1974 2214 2632 2182 1915 2401 1965 2540 2116 1975 2066 2160 2291 2503 2265 3801 2197 2277 2113 2313 2041 2080 1988 2455 2248 1977 2523 2497 2474 1930 2459 2361 2008 2314 2231 2114 2514 2173 2130 2288 2412 2403 2371 2651 2162 2440 2360 2628 2091 2126 2120 2424 2009 2358 2317 1922 2397 2015 2640 1973 2107 2286 2230 2236 2443 1936 2082 2228 2448 1972 1934 2427 2577 1985 1999 2342 2587 1978 2119 2534 1921 2350 2260 2217 2618 2580 2656 2341 2049 2565 1960 2411 2023 2035 2070 2639 2644 2488 858 2548 2426 1990 1976 2316 1931 2157 2634 2538 2614 2225 2513 2238 2152 138 2004 1968 2444 2364 2335 2158 2659 2429 2193 2051 2583 1995 2166 2018 2022 2024 2466 2027 2658 2449 2636 2456 2171 2001 2129 2595 2387 2255 2170 2647 2365 2584 2517 2627 2462 2393 2447 2378 1935 1992 1951 1919 2097 2570 1991 2405 2450 2006 2210 2219 2192 2620 2337 2233 2146 2284 2657 2320 1957 2019 2486 2490 2159 2202 2645 2011 2234 2034 1937 2092 2067 2660 2000 2648 1956 2373 2266 2349 2303 1914 2560 1933 1928 2524 2142 2013 1980 2287 2089 2017 2061 2346 2181 1961 1927 2278 2324 2016 2562 1998 2058 2147 2207 2478 2585 2542 2506 2060 2622 692 1949 2551 2402 2489 691 2623 2050 1989 2014 2334 2069 2631 2439 2650 2055 2063 2536 2526 2025 2633 1942 2297 1925 2521 2354 2329 2606 2494 2184 2229 2395 2414 2442 2300 2646 1983 2237 2046 2575 2611 2392 2309 2561 2086 2563 2558 2573 2095 2078 2638 2482 2604 2056 2435 2109 2121 2469 2165 1996 2098 2626 2550 3955 2301 2428 2460 2123 2112 2348 2253 2630 1958 2240 2140 2150 2084 2574 2433 2602 2357 2507 2059 2556 2619 2090 1997 2370 2410 2124 2404 2244 2539 1971 2528 2308 1966 2615 2369 2600 2271 1938 2340 2446 2257 2654 2485 2076 2064 2624 2601 2043 2339 2564 2383 2546 2326 2212 2088 2103 2093 2593 2586 2484 2131 2323 2625 2363 2154 2464 2030 2376 2590 2520 2374 2262 2261 2108 2073 1918 2118 2559 1917 2352 1946 2206 1943 2381 2467 2492 2083 2331 602 2188 2306 2409 2299 2418 2005 2353 2201 2115 2607 2578 2423 2476 2576 1993 2275 2020 1962 1963 2276 2407 1979 2258 2045 2122 2227 147 2033 1984 2545 2430 2591 2621 2104 2505 2037 4022 2532 2552 2164 2172 2220 2021 2139 2499 2495 2218 2216 2579 356 2408 1950 2391 2554 2290 2213 2136 2380 2386 2553 2200 2356 1953 2179 2515 2422 2044 3489 1986 2077 2655 2549 2190 1929 2311 2074 2359 498 2500 2307 2535 911 2504 2477 2454 1924 1599 2842 860 2792 3992 90 2105 2012 3990 157 2613 2527 2281 49 2487 894 870 2245 2195 2375 37 2671 2263 120 2569 1395 2596 801 2269 2441 2204 3724 2431 335 333 2437 587 794 453 6 2481 2321 3848 3190 52 386 1792 191 476 2541 3483 3905 3639 3897 4011 740 562 2483 866 3662 3813 2094 1276 4028 2178 3987 1657 4025 3543 166 3816 3885 534 156 383 877 3893 788 1387 401 2776 255 3652 60 4006 2421 2167 3333 3983 3552 4001 871 162 1077 2457 2079 68 749 2805 3953 3996 1262 97 245 1046 411 895 3490 3949 3251 571 485 489 359 892 3744 279 3770 1967 230 3660 478 3513 2168 77 879 2470 150 33 154 996 676 761 3863 782 3745 3937 361 153 125 382 610 950 3083 3805 1697 3998 908 396 221 857 910 470 1203 3227 3928 3977 3575 1140 4005 3993 3735 1711 4015 2982 909 3546 3461 684 756 3457 1240 137 3063 3183 4 868 51 812 8 621 735 472 12 3952 593 3732 3638 1105 3960 3932 3565 1759 3676 298 1295 2798 3890 3986 1586 358 3012 1776 317 935 2382 3982 319 403 598 256 1414 3524 220 3325 131 3444 3560 112 4007 776 1560 3088 3249 3028 3479 3481 3606 1822 715 3531 3994 3504 881 474 4036 3716 3844 1119 4032 295 634 3665 3944 1762 81 201 585 42 103 124 1171 241 1252 2106 168 620 290 3230 3533 3447 1111 4017 70 310 17 
[1001-5000]	1003	67581	0.063524	2293 2496 2239 2137 2156 2420 2267 2135 2148 2332 2372 2039 2597 2351 2338 2028 2567 2533 1920 2319 2138 2398 2302 2279 2629 2071 2594 2153 2555 2592 2183 2149 2068 2510 1465 2187 1959 2461 2087 2336 2292 2282 2054 2081 2333 2283 2111 1577 2384 2609 2465 2134 2315 547 2042 1994 2653 2643 1948 2053 2047 1932 2191 2196 1955 2194 2516 2330 2052 2010 2458 2508 2385 2144 1945 2180 2649 2032 2224 2463 2582 2127 2598 2247 2241 2254 2072 2436 2491 2273 2125 2589 2199 2327 2169 2617 2377 2509 1940 2343 2102 2588 2511 2203 2151 2471 2328 2547 2250 2128 2223 2002 2451 2295 2264 2616 2057 2294 2537 2434 1916 1947 2174 2117 2475 2246 2285 2344 2198 2399 2215 2608 2394 2445 1981 2161 2498 2368 2396 2642 1926 2038 2512 1939 2132 2304 1987 2176 2519 2502 1970 2289 2529 2143 2101 2026 2419 2133 2235 2472 2390 2652 2062 2280 2243 2544 2007 2274 2438 2518 2268 2479 2603 2075 2259 2222 2473 2249 2003 2379 2599 2110 2417 2522 1941 2221 2252 2189 2501 2415 1954 2177 2572 2571 2163 2232 2325 2432 2367 1913 2530 2355 2155 2096 2029 2226 2525 2543 2345 1923 2185 2031 2637 2480 2568 2305 2065 2413 1718 2610 136 2347 2605 2310 2635 2416 1969 2366 2557 2205 2362 2211 2389 2312 2209 2208 74 2242 2145 1944 1952 2400 2141 2296 2531 2425 2318 2272 2099 1964 2468 2406 2612 2581 2566 2641 2186 2298 2036 2270 2175 1912 2493 1982 2322 2085 2453 2452 2251 1820 2388 2256 2040 287 2048 2100 1974 2214 2632 2182 1915 2401 1965 2540 2116 1975 2066 2160 2291 2503 2265 3801 2197 2277 2113 2313 2041 2080 1988 2455 2248 1977 2523 2497 2474 1930 2459 2361 2008 2314 2231 2114 2514 2173 2130 2288 2412 2403 2371 2651 2162 2440 2360 2628 2091 2126 2120 2424 2009 2358 2317 1922 2397 2015 2640 1973 2107 2286 2230 2236 2443 1936 2082 2228 2448 1972 1934 2427 2577 1985 1999 2342 2587 1978 2119 2534 1921 2350 2260 2217 2618 2580 2656 2341 2049 2565 1960 2411 2023 2035 2070 2639 2644 2488 858 2548 2426 1990 1976 2316 1931 2157 2634 2538 2614 2225 2513 2238 2152 138 2004 1968 2444 2364 2335 2158 2659 2429 2193 2051 2583 1995 2166 2018 2022 2024 2466 2027 2658 2449 2636 2456 2171 2001 2129 2595 2387 2255 2170 2647 2365 2584 2517 2627 2462 2393 2447 2378 1935 1992 1951 1919 2097 2570 1991 2405 2450 2006 2210 2219 2192 2620 2337 2233 2146 2284 2657 2320 1957 2019 2486 2490 2159 2202 2645 2011 2234 2034 1937 2092 2067 2660 2000 2648 1956 2373 2266 2349 2303 1914 2560 1933 1928 2524 2142 2013 1980 2287 2089 2017 2061 2346 2181 1961 1927 2278 2324 2016 2562 1998 2058 2147 2207 2478 2585 2542 2506 2060 2622 692 1949 2551 2402 2489 691 2623 2050 1989 2014 2334 2069 2631 2439 2650 2055 2063 2536 2526 2025 2633 1942 2297 1925 2521 2354 2329 2606 2494 2184 2229 2395 2414 2442 2300 2646 1983 2237 2046 2575 2611 2392 2309 2561 2086 2563 2558 2573 2095 2078 2638 2482 2604 2056 2435 2109 2121 2469 2165 1996 2098 2626 2550 3955 2301 2428 2460 2123 2112 2348 2253 2630 1958 2240 2140 2150 2084 2574 2433 2602 2357 2507 2059 2556 2619 2090 1997 2370 2410 2124 2404 2244 2539 1971 2528 2308 1966 2615 2369 2600 2271 1938 2340 2446 2257 2654 2485 2076 2064 2624 2601 2043 2339 2564 2383 2546 2326 2212 2088 2103 2093 2593 2586 2484 2131 2323 2625 2363 2154 2464 2030 2376 2590 2520 2374 2262 2261 2108 2073 1918 2118 2559 1917 2352 1946 2206 1943 2381 2467 2492 2083 2331 602 2188 2306 2409 2299 2418 2005 2353 2201 2115 2607 2578 2423 2476 2576 1993 2275 2020 1962 1963 2276 2407 1979 2258 2045 2122 2227 147 2033 1984 2545 2430 2591 2621 2104 2505 2037 4022 2532 2552 2164 2172 2220 2021 2139 2499 2495 2218 2216 2579 356 2408 1950 2391 2554 2290 2213 2136 2380 2386 2553 2200 2356 1953 2179 2515 2422 2044 3489 1986 2077 2655 2549 2190 1929 2311 2074 2359 498 2500 2307 2535 911 2504 2477 2454 1924 1599 2842 860 2792 3992 90 2105 2012 3990 157 2613 2527 2281 49 2487 894 870 2245 2195 2375 37 2671 2263 120 2569 1395 2596 801 2269 2441 2204 3724 2431 335 333 2437 587 794 453 6 2481 2321 3848 3190 52 386 1792 191 476 2541 3483 3905 3639 3897 4011 740 562 2483 866 3662 3813 2094 1276 4028 2178 3987 1657 4025 3543 166 3816 3885 534 156 383 877 3893 788 1387 401 2776 255 3652 60 4006 2421 2167 3333 3983 3552 4001 871 162 1077 2457 2079 68 749 2805 3953 3996 1262 97 245 1046 411 895 3490 3949 3251 571 485 489 359 892 3744 279 3770 1967 230 3660 478 3513 2168 77 879 2470 150 33 154 996 676 761 3863 782 3745 3937 361 153 125 382 610 950 3083 3805 1697 3998 908 396 221 857 910 470 1203 3227 3928 3977 3575 1140 4005 3993 3735 1711 4015 2982 909 3546 3461 684 756 3457 1240 137 3063 3183 4 868 51 812 8 621 735 472 12 3952 593 3732 3638 1105 3960 3932 3565 1759 3676 298 1295 2798 3890 3986 1586 358 3012 1776 317 935 2382 3982 319 403 598 256 1414 3524 220 3325 131 3444 3560 112 4007 776 1560 3088 3249 3028 3479 3481 3606 1822 715 3531 3994 3504 881 474 4036 3716 3844 1119 4032 295 634 3665 3944 1762 81 201 585 42 103 124 1171 241 1252 2106 168 620 290 3230 3533 3447 1111 4017 70 310 
[1001-5000]	1001	67562	0.063379	2293 2496 2239 2137 2156 2420 2267 2135 2148 2332 2372 2039 2597 2351 2338 2028 2567 2533 1920 2319 2138 2398 2302 2279 2629 2071 2594 2153 2555 2592 2183 2149 2068 2510 1465 2187 1959 2461 2087 2336 2292 2282 2054 2081 2333 2283 2111 1577 2384 2609 2465 2134 2315 547 2042 1994 2653 2643 1948 2053 2047 1932 2191 2196 1955 2194 2516 2330 2052 2010 2458 2508 2385 2144 1945 2180 2649 2032 2224 2463 2582 2127 2598 2247 2241 2254 2072 2436 2491 2273 2125 2589 2199 2327 2169 2617 2377 2509 1940 2343 2102 2588 2511 2203 2151 2471 2328 2547 2250 2128 2223 2002 2451 2295 2264 2616 2057 2294 2537 2434 1916 1947 2174 2117 2475 2246 2285 2344 2198 2399 2215 2608 2394 2445 1981 2161 2498 2368 2396 2642 1926 2038 2512 1939 2132 2304 1987 2176 2519 2502 1970 2289 2529 2143 2101 2026 2419 2133 2235 2472 2390 2652 2062 2280 2243 2544 2007 2274 2438 2518 2268 2479 2603 2075 2259 2222 2473 2249 2003 2379 2599 2110 2417 2522 1941 2221 2252 2189 2501 2415 1954 2177 2572 2571 2163 2232 2325 2432 2367 1913 2530 2355 2155 2096 2029 2226 2525 2543 2345 1923 2185 2031 2637 2480 2568 2305 2065 2413 1718 2610 136 2347 2605 2310 2635 2416 1969 2366 2557 2205 2362 2211 2389 2312 2209 2208 74 2242 2145 1944 1952 2400 2141 2296 2531 2425 2318 2272 2099 1964 2468 2406 2612 2581 2566 2641 2186 2298 2036 2270 2175 1912 2493 1982 2322 2085 2453 2452 2251 1820 2388 2256 2040 287 2048 2100 1974 2214 2632 2182 1915 2401 1965 2540 2116 1975 2066 2160 2291 2503 2265 3801 2197 2277 2113 2313 2041 2080 1988 2455 2248 1977 2523 2497 2474 1930 2459 2361 2008 2314 2231 2114 2514 2173 2130 2288 2412 2403 2371 2651 2162 2440 2360 2628 2091 2126 2120 2424 2009 2358 2317 1922 2397 2015 2640 1973 2107 2286 2230 2236 2443 1936 2082 2228 2448 1972 1934 2427 2577 1985 1999 2342 2587 1978 2119 2534 1921 2350 2260 2217 2618 2580 2656 2341 2049 2565 1960 2411 2023 2035 2070 2639 2644 2488 858 2548 2426 1990 1976 2316 1931 2157 2634 2538 2614 2225 2513 2238 2152 138 2004 1968 2444 2364 2335 2158 2659 2429 2193 2051 2583 1995 2166 2018 2022 2024 2466 2027 2658 2449 2636 2456 2171 2001 2129 2595 2387 2255 2170 2647 2365 2584 2517 2627 2462 2393 2447 2378 1935 1992 1951 1919 2097 2570 1991 2405 2450 2006 2210 2219 2192 2620 2337 2233 2146 2284 2657 2320 1957 2019 2486 2490 2159 2202 2645 2011 2234 2034 1937 2092 2067 2660 2000 2648 1956 2373 2266 2349 2303 1914 2560 1933 1928 2524 2142 2013 1980 2287 2089 2017 2061 2346 2181 1961 1927 2278 2324 2016 2562 1998 2058 2147 2207 2478 2585 2542 2506 2060 2622 692 1949 2551 2402 2489 691 2623 2050 1989 2014 2334 2069 2631 2439 2650 2055 2063 2536 2526 2025 2633 1942 2297 1925 2521 2354 2329 2606 2494 2184 2229 2395 2414 2442 2300 2646 1983 2237 2046 2575 2611 2392 2309 2561 2086 2563 2558 2573 2095 2078 2638 2482 2604 2056 2435 2109 2121 2469 2165 1996 2098 2626 2550 3955 2301 2428 2460 2123 2112 2348 2253 2630 1958 2240 2140 2150 2084 2574 2433 2602 2357 2507 2059 2556 2619 2090 1997 2370 2410 2124 2404 2244 2539 1971 2528 2308 1966 2615 2369 2600 2271 1938 2340 2446 2257 2654 2485 2076 2064 2624 2601 2043 2339 2564 2383 2546 2326 2212 2088 2103 2093 2593 2586 2484 2131 2323 2625 2363 2154 2464 2030 2376 2590 2520 2374 2262 2261 2108 2073 1918 2118 2559 1917 2352 1946 2206 1943 2381 2467 2492 2083 2331 602 2188 2306 2409 2299 2418 2005 2353 2201 2115 2607 2578 2423 2476 2576 1993 2275 2020 1962 1963 2276 2407 1979 2258 2045 2122 2227 147 2033 1984 2545 2430 2591 2621 2104 2505 2037 4022 2532 2552 2164 2172 2220 2021 2139 2499 2495 2218 2216 2579 356 2408 1950 2391 2554 2290 2213 2136 2380 2386 2553 2200 2356 1953 2179 2515 2422 2044 3489 1986 2077 2655 2549 2190 1929 2311 2074 2359 498 2500 2307 2535 911 2504 2477 2454 1924 1599 2842 860 2792 3992 90 2105 2012 3990 157 2613 2527 2281 49 2487 894 870 2245 2195 2375 37 2671 2263 120 2569 1395 2596 801 2269 2441 2204 3724 2431 335 333 2437 587 794 453 6 2481 2321 3848 3190 52 386 1792 191 476 2541 3483 3905 3639 3897 4011 740 562 2483 866 3662 3813 2094 1276 4028 2178 3987 1657 4025 3543 166 3816 3885 534 156 383 877 3893 788 1387 401 2776 255 3652 60 4006 2421 2167 3333 3983 3552 4001 871 162 1077 2457 2079 68 749 2805 3953 3996 1262 97 245 1046 411 895 3490 3949 3251 571 485 489 359 892 3744 279 3770 1967 230 3660 478 3513 2168 77 879 2470 150 33 154 996 676 761 3863 782 3745 3937 361 153 125 382 610 950 3083 3805 1697 3998 908 396 221 857 910 470 1203 3227 3928 3977 3575 1140 4005 3993 3735 1711 4015 2982 909 3546 3461 684 756 3457 1240 137 3063 3183 4 868 51 812 8 621 735 472 12 3952 593 3732 3638 1105 3960 3932 3565 1759 3676 298 1295 2798 3890 3986 1586 358 3012 1776 317 935 2382 3982 319 403 598 256 1414 3524 220 3325 131 3444 3560 112 4007 776 1560 3088 3249 3028 3479 3481 3606 1822 715 3531 3994 3504 881 474 4036 3716 3844 1119 4032 295 634 3665 3944 1762 81 201 585 42 103 124 1171 241 1252 2106 168 620 290 3230 3533 3447 1111 4017 
[1001-5000]	1002	67566	0.063375	2293 2496 2239 2137 2156 2420 2267 2135 2148 2332 2372 2039 2597 2351 2338 2028 2567 2533 1920 2319 2138 2398 2302 2279 2629 2071 2594 2153 2555 2592 2183 2149 2068 2510 1465 2187 1959 2461 2087 2336 2292 2282 2054 2081 2333 2283 2111 1577 2384 2609 2465 2134 2315 547 2042 1994 2653 2643 1948 2053 2047 1932 2191 2196 1955 2194 2516 2330 2052 2010 2458 2508 2385 2144 1945 2180 2649 2032 2224 2463 2582 2127 2598 2247 2241 2254 2072 2436 2491 2273 2125 2589 2199 2327 2169 2617 2377 2509 1940 2343 2102 2588 2511 2203 2151 2471 2328 2547 2250 2128 2223 2002 2451 2295 2264 2616 2057 2294 2537 2434 1916 1947 2174 2117 2475 2246 2285 2344 2198 2399 2215 2608 2394 2445 1981 2161 2498 2368 2396 2642 1926 2038 2512 1939 2132 2304 1987 2176 2519 2502 1970 2289 2529 2143 2101 2026 2419 2133 2235 2472 2390 2652 2062 2280 2243 2544 2007 2274 2438 2518 2268 2479 2603 2075 2259 2222 2473 2249 2003 2379 2599 2110 2417 2522 1941 2221 2252 2189 2501 2415 1954 2177 2572 2571 2163 2232 2325 2432 2367 1913 2530 2355 2155 2096 2029 2226 2525 2543 2345 1923 2185 2031 2637 2480 2568 2305 2065 2413 1718 2610 136 2347 2605 2310 2635 2416 1969 2366 2557 2205 2362 2211 2389 2312 2209 2208 74 2242 2145 1944 1952 2400 2141 2296 2531 2425 2318 2272 2099 1964 2468 2406 2612 2581 2566 2641 2186 2298 2036 2270 2175 1912 2493 1982 2322 2085 2453 2452 2251 1820 2388 2256 2040 287 2048 2100 1974 2214 2632 2182 1915 2401 1965 2540 2116 1975 2066 2160 2291 2503 2265 3801 2197 2277 2113 2313 2041 2080 1988 2455 2248 1977 2523 2497 2474 1930 2459 2361 2008 2314 2231 2114 2514 2173 2130 2288 2412 2403 2371 2651 2162 2440 2360 2628 2091 2126 2120 2424 2009 2358 2317 1922 2397 2015 2640 1973 2107 2286 2230 2236 2443 1936 2082 2228 2448 1972 1934 2427 2577 1985 1999 2342 2587 1978 2119 2534 1921 2350 2260 2217 2618 2580 2656 2341 2049 2565 1960 2411 2023 2035 2070 2639 2644 2488 858 2548 2426 1990 1976 2316 1931 2157 2634 2538 2614 2225 2513 2238 2152 138 2004 1968 2444 2364 2335 2158 2659 2429 2193 2051 2583 1995 2166 2018 2022 2024 2466 2027 2658 2449 2636 2456 2171 2001 2129 2595 2387 2255 2170 2647 2365 2584 2517 2627 2462 2393 2447 2378 1935 1992 1951 1919 2097 2570 1991 2405 2450 2006 2210 2219 2192 2620 2337 2233 2146 2284 2657 2320 1957 2019 2486 2490 2159 2202 2645 2011 2234 2034 1937 2092 2067 2660 2000 2648 1956 2373 2266 2349 2303 1914 2560 1933 1928 2524 2142 2013 1980 2287 2089 2017 2061 2346 2181 1961 1927 2278 2324 2016 2562 1998 2058 2147 2207 2478 2585 2542 2506 2060 2622 692 1949 2551 2402 2489 691 2623 2050 1989 2014 2334 2069 2631 2439 2650 2055 2063 2536 2526 2025 2633 1942 2297 1925 2521 2354 2329 2606 2494 2184 2229 2395 2414 2442 2300 2646 1983 2237 2046 2575 2611 2392 2309 2561 2086 2563 2558 2573 2095 2078 2638 2482 2604 2056 2435 2109 2121 2469 2165 1996 2098 2626 2550 3955 2301 2428 2460 2123 2112 2348 2253 2630 1958 2240 2140 2150 2084 2574 2433 2602 2357 2507 2059 2556 2619 2090 1997 2370 2410 2124 2404 2244 2539 1971 2528 2308 1966 2615 2369 2600 2271 1938 2340 2446 2257 2654 2485 2076 2064 2624 2601 2043 2339 2564 2383 2546 2326 2212 2088 2103 2093 2593 2586 2484 2131 2323 2625 2363 2154 2464 2030 2376 2590 2520 2374 2262 2261 2108 2073 1918 2118 2559 1917 2352 1946 2206 1943 2381 2467 2492 2083 2331 602 2188 2306 2409 2299 2418 2005 2353 2201 2115 2607 2578 2423 2476 2576 1993 2275 2020 1962 1963 2276 2407 1979 2258 2045 2122 2227 147 2033 1984 2545 2430 2591 2621 2104 2505 2037 4022 2532 2552 2164 2172 2220 2021 2139 2499 2495 2218 2216 2579 356 2408 1950 2391 2554 2290 2213 2136 2380 2386 2553 2200 2356 1953 2179 2515 2422 2044 3489 1986 2077 2655 2549 2190 1929 2311 2074 2359 498 2500 2307 2535 911 2504 2477 2454 1924 1599 2842 860 2792 3992 90 2105 2012 3990 157 2613 2527 2281 49 2487 894 870 2245 2195 2375 37 2671 2263 120 2569 1395 2596 801 2269 2441 2204 3724 2431 335 333 2437 587 794 453 6 2481 2321 3848 3190 52 386 1792 191 476 2541 3483 3905 3639 3897 4011 740 562 2483 866 3662 3813 2094 1276 4028 2178 3987 1657 4025 3543 166 3816 3885 534 156 383 877 3893 788 1387 401 2776 255 3652 60 4006 2421 2167 3333 3983 3552 4001 871 162 1077 2457 2079 68 749 2805 3953 3996 1262 97 245 1046 411 895 3490 3949 3251 571 485 489 359 892 3744 279 3770 1967 230 3660 478 3513 2168 77 879 2470 150 33 154 996 676 761 3863 782 3745 3937 361 153 125 382 610 950 3083 3805 1697 3998 908 396 221 857 910 470 1203 3227 3928 3977 3575 1140 4005 3993 3735 1711 4015 2982 909 3546 3461 684 756 3457 1240 137 3063 3183 4 868 51 812 8 621 735 472 12 3952 593 3732 3638 1105 3960 3932 3565 1759 3676 298 1295 2798 3890 3986 1586 358 3012 1776 317 935 2382 3982 319 403 598 256 1414 3524 220 3325 131 3444 3560 112 4007 776 1560 3088 3249 3028 3479 3481 3606 1822 715 3531 3994 3504 881 474 4036 3716 3844 1119 4032 295 634 3665 3944 1762 81 201 585 42 103 124 1171 241 1252 2106 168 620 290 3230 3533 3447 1111 4017 70 
